protein,n,a_p,b_p,abs_b_p,pcc,b_p_wt_error,abs_b_p_wt_error,designed,n_chains,n_het_residues,n_metal_residues,length,mean_hydropathy_KD,frac_hydrophobic,frac_charged,frac_glycine,frac_proline,total_SASA,SASA_per_residue,mean_rel_SASA,frac_buried_rel_lt_0.25,frac_exposed_rel_gt_0.5,mean_rel_SASA_hydrophobic,SASA_over_len_pow_073,interchain_BSA,plddt_mean,plddt_min,n_mut,sd_ddg_true,range_ddg_true,mean_abs_ddg_true
1QP2,1083,0.20848285322569537,0.02948460213546353,0.02948460213546353,0.5452638705075842,0.41562600000000005,0.41562600000000005,False,1,0,0,63,-0.27619047619047615,0.38095238095238093,0.25396825396825395,0.06349206349206349,0.031746031746031744,4391.714592216101,69.7097554320016,0.3488661640252103,0.30158730158730157,0.2222222222222222,0.24957443736540044,213.36123053193984,0.0,94.38412698412698,76.46,1083,1.1246650014659243,5.8662273,1.4091009113440447
1TUC,1044,0.35882768303255935,-0.044812618955070826,0.044812618955070826,0.7601352777483853,0.7623463999999998,0.7623463999999998,False,1,0,0,59,-0.5203389830508475,0.3559322033898305,0.288135593220339,0.0847457627118644,0.03389830508474576,4426.757437205086,75.02978707127264,0.38108383336930984,0.3389830508474576,0.3050847457627119,0.1770141249963767,225.61281125595423,0.0,93.20610169491525,47.99,1044,1.0847993263673716,5.5934834,1.0837964375457854
2KVS,1207,0.105879225058697,0.6160480390534492,0.6160480390534492,0.21039244524833653,-4.7704996600000005,4.7704996600000005,False,1,0,0,67,-0.3477611940298508,0.3880597014925373,0.19402985074626866,0.029850746268656716,0.029850746268656716,4616.005546091085,68.89560516553858,0.3430779679917012,0.43283582089552236,0.29850746268656714,0.25263326040607265,214.40342363686466,0.0,94.19701492537313,68.2,1207,1.1478410555758947,4.60000067,1.2548358900994203
4C26,1160,0.25788778879866836,-0.002009268693719729,0.002009268693719729,0.7659707678754779,-2.1532196000000003,2.1532196000000003,False,1,0,0,62,-0.45967741935483863,0.3387096774193548,0.25806451612903225,0.08064516129032258,0.08064516129032258,4436.710631050188,71.55984888790626,0.373255826568764,0.3709677419354839,0.3064516129032258,0.19802546033783075,218.07966480441212,0.0,95.83774193548386,50.34,1160,1.280962423007072,5.9327455,0.997155582977026
HEEH_KT_rd6_0746,807,0.33330523574186693,-0.01835377021288413,0.01835377021288413,0.5892727134392689,0.24266440000000022,0.24266440000000022,True,1,0,0,43,-0.7069767441860464,0.37209302325581395,0.46511627906976744,0.046511627906976744,0.0,3728.149917765358,86.70116087826415,0.4121590487855187,0.27906976744186046,0.3488372093023256,0.21475719760379522,239.36541193030942,0.0,,,807,0.47670364702567936,3.2118104799999996,0.3895557481784386
1QKH,1272,0.13209373244292888,-0.029235003985936776,0.029235003985936776,0.505097818906692,-1.2129485999999998,1.2129485999999998,False,1,0,0,68,-0.19117647058823528,0.39705882352941174,0.25,0.07352941176470588,0.04411764705882353,4404.964699055588,64.77889263317041,0.31925526218909844,0.4411764705882353,0.27941176470588236,0.2007545265798918,202.40019477184413,0.0,94.90132352941177,80.92,1272,0.8076590400615613,5.5054615,0.9157510942822328
2K5H,1125,0.3243520325351853,-0.4774775366196165,0.4774775366196165,0.8284002960074712,1.7861542,1.7861542,False,1,0,0,62,0.09032258064516115,0.41935483870967744,0.2903225806451613,0.11290322580645161,0.016129032258064516,4243.541877364362,68.44422382845745,0.36154598110132824,0.3387096774193548,0.27419354838709675,0.25532254733187965,208.5847527946741,0.0,87.13532258064517,52.02,1125,1.5846562761643466,5.9789759,2.4562604042900444
2KWH,980,0.4528203581815346,0.007648668409062997,0.007648668409062997,0.795578420837231,-0.1537474000000001,0.1537474000000001,False,1,0,0,52,-0.875,0.34615384615384615,0.40384615384615385,0.057692307692307696,0.0,4765.137414312704,91.637257967552,0.42350922387596707,0.25,0.38461538461538464,0.28194562897000003,266.313380992159,0.0,89.11980769230769,58.5,980,0.721480517513454,4.8598482,0.5468256516559186
HHH_rd1_0244,771,0.12388849257681439,-0.003629180617785965,0.003629180617785965,0.7953201095361053,-0.07186219999999999,0.07186219999999999,True,1,0,0,43,-1.6162790697674423,0.27906976744186046,0.5348837209302325,0.06976744186046512,0.023255813953488372,3409.11780343962,79.28180938231674,0.3790383824977649,0.37209302325581395,0.3023255813953488,0.07425681802727997,218.88199384117019,0.0,,,771,1.0142909491062757,5.2868981,0.8494749953916991
r18_3_TrROS_Hall,990,0.3262268035644212,-0.18065339305220188,0.18065339305220188,0.7661118654300797,1.3102787000000005,1.3102787000000005,True,1,0,0,52,-0.7749999999999999,0.34615384615384615,0.5192307692307693,0.019230769230769232,0.019230769230769232,4306.867161544702,82.82436849124427,0.3834766322694889,0.28846153846153844,0.3076923076923077,0.21157352680948013,240.7016326181867,0.0,89.63865384615384,74.92,990,0.6641018718555,5.5146795,0.48556275098212126
6EWS,1036,0.30223889192069386,-0.0012819319748928562,0.0012819319748928562,0.8074843509329171,-1.1505740000000002,1.1505740000000002,False,1,0,0,56,-0.6732142857142858,0.375,0.2857142857142857,0.017857142857142856,0.017857142857142856,4353.097934256245,77.73389168314723,0.3740058030438899,0.35714285714285715,0.32142857142857145,0.1583496340848783,230.47359606214718,0.0,87.57124999999999,61.31,1036,1.2304609233812411,5.8334032,1.086895432367664
6EWU,1010,0.2746742805739218,-0.012885234490693816,0.012885234490693816,0.8065629403716214,-0.7185762000000002,0.7185762000000002,False,1,0,0,56,-0.4517857142857143,0.39285714285714285,0.26785714285714285,0.017857142857142856,0.017857142857142856,4258.579437326406,76.04606138082868,0.37291535214395793,0.3392857142857143,0.32142857142857145,0.1821468906472142,225.46933973462882,0.0,86.13928571428572,59.7,1010,1.2126205415472182,5.8676376999999995,1.0454593612507326
2KXD,1173,0.2669046083164021,-0.07828694613410597,0.07828694613410597,0.8170892576496802,-2.1887989,2.1887989,False,1,0,0,71,-0.5408450704225352,0.3380281690140845,0.2676056338028169,0.09859154929577464,0.07042253521126761,4964.753457539564,69.9261050357685,0.3732321179564049,0.39436619718309857,0.30985915492957744,0.16043941313160429,221.04418395243692,0.0,88.33549295774648,63.1,1173,1.3631224487758347,5.95059985,1.0999170224608354
1W4H,802,0.7759465314415135,0.006059619835186228,0.006059619835186228,0.8200212134800267,-0.4492583999999997,0.4492583999999997,False,1,0,0,44,-0.4772727272727272,0.38636363636363635,0.29545454545454547,0.09090909090909091,0.022727272727272728,3853.8250844389504,87.58693373724887,0.4683648385941208,0.2727272727272727,0.5,0.34075578983504556,243.31649141707706,0.0,81.62545454545455,46.78,802,0.7975865965454522,4.295530299999999,0.7843572541064838
6EWT,1025,0.25126955070655144,-0.007152455728338259,0.007152455728338259,0.8042570983783811,-1.5265232000000002,1.5265232000000002,False,1,0,0,57,-0.6964912280701755,0.3508771929824561,0.2982456140350877,0.017543859649122806,0.017543859649122806,4563.101942618723,80.0544200459425,0.3928586303348662,0.3157894736842105,0.40350877192982454,0.15047325589514174,238.49074303338818,0.0,87.29578947368421,60.55,1025,1.315370792077776,5.94879134,1.0721535899411905
2L33,1334,0.48828022582767494,-0.08455573276392464,0.08455573276392464,0.8146121024436034,0.15493200000000007,0.15493200000000007,False,1,0,0,71,-0.5845070422535213,0.36619718309859156,0.30985915492957744,0.09859154929577464,0.028169014084507043,4831.450214876531,68.0485945757258,0.339158271208713,0.36619718309859156,0.22535211267605634,0.17144739812672294,215.1091648735104,0.0,96.31633802816901,87.96,1334,0.8140924832895892,5.2412633,0.6405649899032982
HEEH_KT_rd6_0793,796,0.10503631877886418,0.12804662633898156,0.12804662633898156,0.4386396169489697,-1.2128984999999999,1.2128984999999999,True,1,0,0,43,-1.1837209302325582,0.3488372093023256,0.3953488372093023,0.046511627906976744,0.023255813953488372,3439.77920738472,79.99486528801674,0.3763477104749325,0.27906976744186046,0.3023255813953488,0.19522880752442362,220.8506055514202,0.0,,,796,0.8056100320360747,4.5179671500000005,1.764733892288191
2WXC,787,0.7160118584745321,0.07105438419660973,0.07105438419660973,0.8389424952969969,-0.07539129999999972,0.07539129999999972,False,1,0,0,44,-0.425,0.4090909090909091,0.29545454545454547,0.09090909090909091,0.022727272727272728,3891.2613078087757,88.437756995654,0.46935992274764315,0.3181818181818182,0.5454545454545454,0.34540243610642624,245.68007832688048,0.0,82.39022727272727,46.77,787,0.8130076964592284,4.26771224,0.8568931970502794
2K1B,934,0.5459499934640812,-0.06895780168069897,0.06895780168069897,0.7963522016487493,0.8110046,0.8110046,False,1,0,0,49,-0.8755102040816326,0.3469387755102041,0.3877551020408163,0.04081632653061224,0.08163265306122448,4282.948696142079,87.40711624779753,0.4161454608529653,0.32653061224489793,0.3673469387755102,0.35177541793059225,249.9768169684894,0.0,90.23591836734694,66.5,934,0.8476815184161772,4.58360037,0.8897761570050322
r11_1081_TrROS_Hall,898,0.4572542975807308,0.06066714206646904,0.06066714206646904,0.7932981176168654,-0.5934233999999998,0.5934233999999998,True,1,0,0,49,-0.336734693877551,0.3673469387755102,0.3469387755102041,0.04081632653061224,0.12244897959183673,4090.1622365830826,83.47269870577719,0.42534324983510907,0.2653061224489796,0.3469387755102041,0.25684633136975665,238.7247219904216,0.0,88.1191836734694,81.98,898,0.7701864575753646,4.65563285,0.7080280890868594
2K28,920,0.4744649790113918,-0.06844791353449624,0.06844791353449624,0.8084242405328067,0.4805081000000002,0.4805081000000002,False,1,0,0,50,-0.99,0.34,0.38,0.04,0.06,4300.85720683379,86.0171441366758,0.4118010557783805,0.3,0.38,0.3167537054228172,247.34715564080224,0.0,93.0398,60.23,920,0.9591798815056559,4.89436874,0.9611410612383694
3DKM,1239,0.21200887878754787,0.1771087635690203,0.1771087635690203,0.633806071318262,-0.3067027999999996,0.3067027999999996,False,1,0,0,72,-0.7069444444444445,0.3194444444444444,0.2361111111111111,0.16666666666666666,0.041666666666666664,4649.785106408579,64.58034870011915,0.33635517459801506,0.4166666666666667,0.2916666666666667,0.219642034870252,204.9180241473652,0.0,94.16583333333332,55.27,1239,0.9968582419699911,4.5987716,1.5544136898562226
2BTH,801,0.23486271317824967,-0.006180604847114464,0.006180604847114464,0.8037396081221623,-0.2606959,0.2606959,False,1,0,0,44,-0.425,0.4090909090909091,0.29545454545454547,0.09090909090909091,0.022727272727272728,3858.3393897193405,87.68953158453047,0.46635332859426004,0.29545454545454547,0.5,0.325300203573,243.60150822451996,0.0,83.71295454545454,46.51,801,0.7354186620301841,4.4037612,0.6757971254606743
r12_757_TrROS_Hall,982,0.4138221307579692,-0.11263109141493222,0.11263109141493222,0.7619402592214719,1.9750903000000002,1.9750903000000002,True,1,0,0,54,-0.5444444444444445,0.37037037037037035,0.4444444444444444,0.018518518518518517,0.05555555555555555,4460.22814126562,82.59681743084482,0.3973902190915163,0.24074074074074073,0.3148148148148148,0.22381209570001004,242.49881953385756,0.0,87.55611111111111,74.66,982,0.6369267969353566,4.2161484,0.5137015992254582
2LQK,990,0.45314139329439096,0.10303268069628953,0.10303268069628953,0.6193594894694365,-0.16279869999999996,0.16279869999999996,False,1,0,0,62,-0.09999999999999998,0.3709677419354839,0.20967741935483872,0.11290322580645161,0.0967741935483871,4476.048083462113,72.19432392680828,0.38361348106039045,0.3548387096774194,0.3387096774193548,0.24413097451133206,220.01323657630422,0.0,88.53403225806451,60.09,990,0.6717772508322887,3.6606137,0.6169457432141413
1PSE,1218,0.36550196302706756,0.07588597312754759,0.07588597312754759,0.6705408972567075,1.0666582999999998,1.0666582999999998,False,1,0,0,68,-0.16470588235294117,0.36764705882352944,0.22058823529411764,0.11764705882352941,0.014705882352941176,5114.712218080351,75.21635614824045,0.39498543800573666,0.3088235294117647,0.29411764705882354,0.31804138369177887,235.01181504663177,0.0,94.85529411764706,79.81,1218,0.6737887075998782,4.05306017,0.7167324825860181
HHH_rd1_0142,804,0.17463477443060652,-0.0018085855695786936,0.0018085855695786936,0.803291867427825,-1.1530825999999998,1.1530825999999998,True,1,0,0,43,-1.4325581395348839,0.32558139534883723,0.5348837209302325,0.046511627906976744,0.023255813953488372,3355.9272091951666,78.04481881849225,0.35097654534664446,0.37209302325581395,0.23255813953488372,0.12200509914474389,215.4668982084889,0.0,,,804,1.0713172413386067,4.798693399999999,0.9605995354664177
1GYZ,1126,0.34469530614742877,-0.09858458483922122,0.09858458483922122,0.684946838053366,-0.050624500000000516,0.050624500000000516,False,1,0,0,59,-0.006779661016949189,0.4915254237288136,0.2542372881355932,0.05084745762711865,0.01694915254237288,4431.85392986967,75.11616830287575,0.37408393720018723,0.3728813559322034,0.3728813559322034,0.24030081494291647,225.8725575948745,0.0,87.95847457627119,57.52,1126,0.7279965607756181,4.0189152,0.5200234779396095
