file,protein,n,ap,bp,pcc,E5top,E5bot,E15top,E15bot,E5dGtop,E5dGbot,rng,sd,skew
abl_anchor_w0.3_s42_e14,1GYZ,1125,0.8615510278174748,1.254072832042802,0.7289910339845108,0.7174744897959184,10.762117346938776,1.7538265306122445,4.145408163265305,0.7174744897959184,10.762117346938776,4.0189151999999995,0.7281762796064888,-1.9755675703087507
abl_anchor_w0.3_s42_e14,1PSE,1217,0.8150835726656509,1.7099376183308408,0.679526914252836,3.3805555555555555,9.1275,1.9105180533751962,4.372147083685546,3.3805555555555555,9.1275,4.0530602,0.67378847597833,-0.7923823444224543
abl_anchor_w0.3_s42_e14,1QKH,1271,0.2241719238262865,0.6534700287666034,0.5154907733930045,1.9213907785336355,7.365331317712269,2.112465373961219,3.2391135734072027,1.9213907785336355,7.365331317712269,5.5054612,0.8075788683769668,-1.4101909567445807
abl_anchor_w0.3_s42_e14,1QP2,1082,0.4875510281690787,1.4247661397111513,0.5872359080894474,4.081618655692729,8.53429355281207,2.721079103795153,3.7105624142661173,4.081618655692729,8.53429355281207,5.8662274,1.1245787749153269,0.4071901200519476
abl_anchor_w0.3_s42_e14,1TUC,1043,0.7206389818268325,2.227901836333012,0.7708133751157591,5.400147928994082,11.571745562130175,2.8286489151873764,4.414406640368178,5.400147928994082,11.571745562130175,5.5934835,1.084883705233091,-0.7020659082342081
abl_anchor_w0.3_s42_e14,1W4H,801,1.271737319080968,-2.1437371140044634,0.8234894928552772,7.008750000000001,13.516875000000002,2.55875,4.895,7.008750000000001,13.516875000000002,4.29553036,0.7976547381379945,-0.9520094359537546
abl_anchor_w0.3_s42_e14,2BTH,800,0.40400655102700817,0.21923676537202716,0.7926706488830506,5.999999999999999,10.999999999999998,1.9444444444444444,4.722222222222222,5.999999999999999,10.999999999999998,4.4037615,0.7355566176507007,-1.0682977534470404
abl_anchor_w0.3_s42_e14,2K1B,933,1.0238124796867596,0.8373027090206097,0.8045262116707085,9.25945179584121,9.25945179584121,3.6217069509859736,5.070389731380363,9.25945179584121,9.25945179584121,4.5836005,0.8477585745785166,-0.32628550450017907
abl_anchor_w0.3_s42_e14,2K28,919,0.8548161396423818,1.2088619424359335,0.8009628526486036,7.261234567901235,9.530370370370372,3.035750439554585,4.30880707549683,7.261234567901235,9.530370370370372,4.8943686,0.9592636589323447,-0.7621123255926278
abl_anchor_w0.3_s42_e14,2K5H,1124,0.6571614450010628,2.7928274627122245,0.85034297712845,3.225765306122449,11.46938775510204,2.469104308390023,5.057681405895693,3.225765306122449,11.46938775510204,5.978976100000001,1.5841861077486645,-1.6785513512535803
abl_anchor_w0.3_s42_e14,2KVS,1206,0.20742934773818666,-0.3460485717856979,0.49257283589244616,2.01,8.375,1.7494444444444446,3.8711111111111114,2.01,8.375,4.600000870000001,1.1478004409225167,-0.5569889468851396
abl_anchor_w0.3_s42_e14,2KWH,979,0.7288212450712329,0.015418203156491159,0.7833589383600501,9.34809027777778,11.472656250000002,3.2149559016701064,4.7765059110527295,9.34809027777778,11.472656250000002,4.8598482,0.7217801576154933,-0.9060777868602583
abl_anchor_w0.3_s42_e14,2KXD,1172,0.4624639483255076,-1.2386006146317878,0.7682217407626662,0.6967895362663497,11.148632580261594,1.4159673469387755,4.630595918367347,0.6967895362663497,11.148632580261594,5.9505997,1.3635069929265637,-0.9993551433722397
abl_anchor_w0.3_s42_e14,2L33,1333,0.894913964265448,1.535955051424078,0.7863993846221805,3.366161616161617,11.934573002754822,1.7166990732557257,4.948132622913563,3.366161616161617,11.934573002754822,5.2412633,0.8142556276013676,-1.6184809431251788
abl_anchor_w0.3_s42_e14,2LQK,989,0.5420034911137582,0.6720019578766431,0.6118800098987529,4.531028738025823,6.178675551853394,2.8897005113221335,4.560308619430241,4.531028738025823,6.178675551853394,3.6606137999999997,0.6719271024739635,-0.8433113444203382
abl_anchor_w0.3_s42_e14,2WXC,786,1.1812863022185378,-1.3736941063585588,0.8520788780640988,9.818540433925051,11.368836291913217,2.698663160201622,5.397326320403244,9.818540433925051,11.368836291913217,4.26771233,0.8130079483399579,-0.7885950210285594
abl_anchor_w0.3_s42_e14,3DKM,1238,0.48531751956088126,2.194502812846128,0.6417073196085558,1.6635313087879604,9.64848159097017,2.4958948137326518,3.581066471877283,1.6635313087879604,9.64848159097017,4.59877153,0.9962851193506944,-0.6197440984358406
abl_anchor_w0.3_s42_e14,4C26,1159,0.5422191583708753,-0.3227790596220519,0.7844442319027513,4.280701754385965,14.269005847953217,2.12987403521668,4.80189782485215,4.280701754385965,14.269005847953217,5.93274544,1.2812041193791301,-1.4857282693095484
abl_anchor_w0.3_s42_e14,6EWS,1035,0.4929316225050597,0.7358280881121881,0.7971168766552373,7.958477508650518,8.75432525951557,3.1448491155046825,4.911134235171696,7.958477508650518,8.75432525951557,5.8334031,1.2307143883098142,-0.8976875720962466
abl_anchor_w0.3_s42_e14,6EWT,1024,0.4621322503187183,1.2765166177898102,0.79335336216155,4.330642060745867,12.9919261822376,2.537143833568286,4.811824511939852,4.330642060745867,12.9919261822376,5.94879153,1.3156719483434223,-1.2507651771655548
abl_anchor_w0.3_s42_e14,6EWU,1009,0.47481531266395444,1.7675143039794967,0.802636693921975,10.09,12.5116,3.4074382702513044,4.690759177229069,10.09,12.5116,5.8676376999999995,1.21289041218872,-1.0575287726094365
abl_anchor_w0.3_s42_e14,HEEH_KT_rd6_0746,806,0.6752158782315476,0.5360306860464599,0.7369116337376426,2.015,11.58625,2.630694444444445,4.365833333333334,2.015,11.58625,3.2118105999999997,0.47692975280697586,-0.5885303018580881
abl_anchor_w0.3_s42_e14,HEEH_KT_rd6_0793,795,0.11010319586946868,-0.014130838673364874,0.4120158550017602,3.658777120315581,6.794871794871794,2.021043711602288,3.7052468046041946,3.658777120315581,6.794871794871794,4.51796695,0.8036844039253913,-0.35194442983456686
abl_anchor_w0.3_s42_e14,HHH_rd1_0142,803,0.24664452425616845,-0.09004024019456683,0.7329857688976519,3.01125,9.535625,2.732430555555556,4.795694444444445,3.01125,9.535625,4.7986937,1.0714884323822926,-1.1255566287683152
abl_anchor_w0.3_s42_e14,HHH_rd1_0244,770,0.3678566855585987,0.8490828831107393,0.8382506015444645,5.865650969529085,10.664819944598337,3.7262759924385636,4.890737240075615,5.865650969529085,10.664819944598337,5.2868981,1.0146250694228403,-1.0821465789015383
abl_anchor_w0.3_s42_e14,r11_1081_TrROS_Hall,897,0.6182878384479041,1.2232679495896142,0.7741365945436884,0.9266528925619836,15.753099173553721,2.1480842058364895,4.895633771441301,0.9266528925619836,15.753099173553721,4.65563254,0.7702707389412259,-2.046000314478527
abl_anchor_w0.3_s42_e14,r12_757_TrROS_Hall,981,0.8043293524304992,2.232655324795573,0.7111468988306601,9.805914202415659,6.945855893377759,3.3594335693461064,4.267388588088297,9.805914202415659,6.945855893377759,4.2161483,0.6372042032387177,-0.2133683579389772
abl_anchor_w0.3_s42_e14,r18_3_TrROS_Hall,989,0.7080508759368558,2.0948114181426614,0.8063439944187466,1.2357351103706788,14.00499791753436,1.5803049671292917,5.237582176771367,1.2357351103706788,14.00499791753436,5.5146794,0.6644375985041182,-1.5970132736117073
abl_anchor_w1.0_s42_e14,1GYZ,1125,0.8581943453526787,1.0128301169333838,0.6972838158118868,1.4349489795918369,10.04464285714286,1.7538265306122445,4.0258290816326525,1.4349489795918369,10.04464285714286,4.0189151999999995,0.7281762796064888,-1.9755675703087507
abl_anchor_w1.0_s42_e14,1PSE,1217,0.8071927361306694,2.3261845331295032,0.6516786315683749,3.0425,8.789444444444445,1.9472587851708731,4.335406351889868,3.0425,8.789444444444445,4.0530602,0.67378847597833,-0.7923823444224543
abl_anchor_w1.0_s42_e14,1QKH,1271,0.26125657479848025,0.6612081151733942,0.5484187957150765,2.8820861678004532,8.64625850340136,2.0420498614958453,3.4503601108033246,2.8820861678004532,8.64625850340136,5.5054612,0.8075788683769668,-1.4101909567445807
abl_anchor_w1.0_s42_e14,1QP2,1082,0.5020293699758507,1.9183301663936103,0.5571164879179297,3.7105624142661173,8.905349794238681,2.597393689986282,3.4631915866483762,3.7105624142661173,8.905349794238681,5.8662274,1.1245787749153269,0.4071901200519476
abl_anchor_w1.0_s42_e14,1TUC,1043,0.565306335388431,2.648255846894337,0.7055560252173075,4.62869822485207,11.18602071005917,2.400065746219592,4.157256738987508,4.62869822485207,11.18602071005917,5.5934835,1.084883705233091,-0.7020659082342081
abl_anchor_w1.0_s42_e14,1W4H,801,1.2086220977128117,-1.4300942331881263,0.8174950394600781,8.510625000000001,13.016250000000001,2.8368749999999996,4.950625,8.510625000000001,13.016250000000001,4.29553036,0.7976547381379945,-0.9520094359537546
abl_anchor_w1.0_s42_e14,2BTH,800,0.2512365599472535,-0.1823593149195621,0.7341396666643855,5.499999999999999,7.499999999999998,2.2222222222222223,4.444444444444445,5.499999999999999,7.499999999999998,4.4037615,0.7355566176507007,-1.0682977534470404
abl_anchor_w1.0_s42_e14,2K1B,933,1.1928995553640607,0.7936003551265239,0.7870398015756476,7.9366729678638945,10.141304347826088,3.2353915428808033,4.684074323275192,7.9366729678638945,10.141304347826088,4.5836005,0.8477585745785166,-0.32628550450017907
abl_anchor_w1.0_s42_e14,2K28,919,0.9563227429454194,1.240025359872866,0.7929100396623445,5.899753086419754,9.530370370370372,2.839895572486547,4.259843358729821,5.899753086419754,9.530370370370372,4.8943686,0.9592636589323447,-0.7621123255926278
abl_anchor_w1.0_s42_e14,2K5H,1124,0.6969042256641695,2.2498790398222455,0.8269052172583417,4.301020408163265,10.752551020408164,2.508928571428572,4.938208616780046,4.301020408163265,10.752551020408164,5.978976100000001,1.5841861077486645,-1.6785513512535803
abl_anchor_w1.0_s42_e14,2KVS,1206,0.20732566332561092,-0.11009887368241773,0.44565766401204393,0.6699999999999999,6.699999999999999,1.637777777777778,3.2383333333333337,0.6699999999999999,6.699999999999999,4.600000870000001,1.1478004409225167,-0.5569889468851396
abl_anchor_w1.0_s42_e14,2KWH,979,0.6529347526133492,-0.1740340423043109,0.7518570870958844,6.7986111111111125,9.773003472222223,2.985316194407956,4.730577969600299,6.7986111111111125,9.773003472222223,4.8598482,0.7217801576154933,-0.9060777868602583
abl_anchor_w1.0_s42_e14,2KXD,1172,0.3615788565294975,-0.6628474637519203,0.7098548831754881,0.6967895362663497,9.40665873959572,1.3776979591836735,4.247902040816327,0.6967895362663497,9.40665873959572,5.9505997,1.3635069929265637,-0.9993551433722397
abl_anchor_w1.0_s42_e14,2L33,1333,0.9973011605224207,1.0307922977924926,0.7625306874920842,1.530073461891644,10.40449954086318,1.5820560086866493,4.64518572763314,1.530073461891644,10.40449954086318,5.2412633,0.8142556276013676,-1.6184809431251788
abl_anchor_w1.0_s42_e14,2LQK,989,0.8068848258273498,1.062659538188994,0.6162409680845012,3.7072053311120365,5.354852144939609,2.7542457998539085,4.560308619430241,3.7072053311120365,5.354852144939609,3.6606137999999997,0.6719271024739635,-0.8433113444203382
abl_anchor_w1.0_s42_e14,2WXC,786,1.1276824035088686,-0.7881552746097766,0.8386399086753247,9.301775147928996,11.368836291913217,2.8134998904229676,5.397326320403244,9.301775147928996,11.368836291913217,4.26771233,0.8130079483399579,-0.7885950210285594
abl_anchor_w1.0_s42_e14,3DKM,1238,0.46941674179795445,2.652727657316468,0.606718040739938,1.3308250470303684,9.64848159097017,2.3873776479181883,3.4363769174579986,1.3308250470303684,9.64848159097017,4.59877153,0.9962851193506944,-0.6197440984358406
abl_anchor_w1.0_s42_e14,4C26,1159,0.546304204225386,-0.3039353036673031,0.7760959021204931,3.923976608187135,14.269005847953217,1.8975241404657692,5.072972702061546,3.923976608187135,14.269005847953217,5.93274544,1.2812041193791301,-1.4857282693095484
abl_anchor_w1.0_s42_e14,6EWS,1035,0.6035556665799993,1.4318660155235634,0.7914027652102213,7.958477508650518,9.948096885813149,2.9294484911550467,4.8680541103017685,7.958477508650518,9.948096885813149,5.8334031,1.2307143883098142,-0.8976875720962466
abl_anchor_w1.0_s42_e14,6EWT,1024,0.4809999253414061,2.0501845732950357,0.7670154141782027,5.511726259131104,10.629757785467127,2.2309368191721135,4.811824511939852,5.511726259131104,10.629757785467127,5.94879153,1.3156719483434223,-1.2507651771655548
abl_anchor_w1.0_s42_e14,6EWU,1009,0.5127886892940362,2.427992512589022,0.7699400386359501,9.686399999999999,12.108,3.3631858251831055,4.646506732160869,9.686399999999999,12.108,5.8676376999999995,1.21289041218872,-1.0575287726094365
abl_anchor_w1.0_s42_e14,HEEH_KT_rd6_0746,806,0.5740054965681254,0.21329725684441958,0.6763582768134695,2.015,10.57875,1.959027777777778,4.309861111111111,2.015,10.57875,3.2118105999999997,0.47692975280697586,-0.5885303018580881
abl_anchor_w1.0_s42_e14,HEEH_KT_rd6_0793,795,0.12336413589057141,-0.09315797173990102,0.43104734151382523,3.1360946745562126,7.317554240631162,2.1333239178024153,3.1999858767036224,3.1360946745562126,7.317554240631162,4.51796695,0.8036844039253913,-0.35194442983456686
abl_anchor_w1.0_s42_e14,HHH_rd1_0142,803,0.26606924865973347,-0.12644721327350042,0.7326061907752616,1.505625,11.543125,2.676666666666667,4.907222222222223,1.505625,11.543125,4.7986937,1.0714884323822926,-1.1255566287683152
abl_anchor_w1.0_s42_e14,HHH_rd1_0244,770,0.2749134054852464,1.0811651916713207,0.7378856893856173,5.3324099722991685,11.73130193905817,3.3187145557655957,4.541398865784499,5.3324099722991685,11.73130193905817,5.2868981,1.0146250694228403,-1.0821465789015383
abl_anchor_w1.0_s42_e14,r11_1081_TrROS_Hall,897,0.6941139130740873,1.1286993411252257,0.7430040031999727,1.8533057851239672,15.753099173553721,1.7484406326576076,4.945589218088662,1.8533057851239672,15.753099173553721,4.65563254,0.7702707389412259,-2.046000314478527
abl_anchor_w1.0_s42_e14,r12_757_TrROS_Hall,981,0.7501056826863307,2.1368967361726487,0.6914286756157279,7.354435651811745,6.537276134943773,3.0416493127863395,4.131195335276969,7.354435651811745,6.537276134943773,4.2161483,0.6372042032387177,-0.2133683579389772
abl_anchor_w1.0_s42_e14,r18_3_TrROS_Hall,989,0.7337896748712739,2.169958864085235,0.8130484671406488,1.2357351103706788,11.945439400249896,2.0769722425127832,5.418188458729,1.2357351103706788,11.945439400249896,5.5146794,0.6644375985041182,-1.5970132736117073
abl_anchor_w3.0_s42_e13,1GYZ,1125,0.1611931821703456,1.6443057705227426,0.5650932828429793,1.4349489795918369,8.609693877551022,1.2755102040816324,3.268494897959183,1.4349489795918369,8.609693877551022,4.0189151999999995,0.7281762796064888,-1.9755675703087507
abl_anchor_w3.0_s42_e13,1PSE,1217,0.17115634346990394,1.6360923601704194,0.6557474215124501,2.366388888888889,7.099166666666667,1.8370365897838425,4.07822122932013,2.366388888888889,7.099166666666667,4.0530602,0.67378847597833,-0.7923823444224543
abl_anchor_w3.0_s42_e13,1QKH,1271,0.04287258345670825,1.1229808746472414,0.41059558766549126,3.202317964222726,5.443940539178634,2.006842105263158,2.499750692520776,3.202317964222726,5.443940539178634,5.5054612,0.8075788683769668,-1.4101909567445807
abl_anchor_w3.0_s42_e13,1QP2,1082,0.10447287462069846,1.7484891709811994,0.5743256149449096,4.823731138545953,8.163237311385458,2.473708276177412,3.504420057918,4.823731138545953,8.163237311385458,5.8662274,1.1245787749153269,0.4071901200519476
abl_anchor_w3.0_s42_e13,1TUC,1043,0.17205037835486656,2.373600856443143,0.6559173051218826,4.242973372781064,7.328772189349111,2.1429158448389214,3.8572485207100584,4.242973372781064,7.328772189349111,5.5934835,1.084883705233091,-0.7020659082342081
abl_anchor_w3.0_s42_e13,1W4H,801,0.27443590185617717,1.2074347063964663,0.7970171186481223,6.508125000000001,8.510625000000001,2.614375,4.8393749999999995,6.508125000000001,8.510625000000001,4.29553036,0.7976547381379945,-0.9520094359537546
abl_anchor_w3.0_s42_e13,2BTH,800,0.02349974395953519,-0.09298149295703471,0.4643850144385673,2.9999999999999996,6.999999999999998,1.6111111111111112,3.2222222222222223,2.9999999999999996,6.999999999999998,4.4037615,0.7355566176507007,-1.0682977534470404
abl_anchor_w3.0_s42_e13,2K1B,933,0.268886850387298,1.5561309024644494,0.7844014807975088,5.732041587901702,9.700378071833649,2.8007867087624865,4.635784897262046,5.732041587901702,9.700378071833649,4.5836005,0.8477585745785166,-0.32628550450017907
abl_anchor_w3.0_s42_e13,2K28,919,0.21158299729237082,1.6982456673715483,0.7407476011460241,4.084444444444445,8.622716049382717,2.2523309712824338,4.0639884916617826,4.084444444444445,8.622716049382717,4.8943686,0.9592636589323447,-0.7621123255926278
abl_anchor_w3.0_s42_e13,2K5H,1124,0.19170633427611758,1.8994597948406768,0.7900385788838726,2.86734693877551,8.243622448979592,2.3894557823129254,4.778911564625851,2.86734693877551,8.243622448979592,5.978976100000001,1.5841861077486645,-1.6785513512535803
abl_anchor_w3.0_s42_e13,2KVS,1206,0.018718936942721455,1.155423804219907,0.2530680564885006,2.01,6.699999999999999,1.4516666666666669,2.8661111111111115,2.01,6.699999999999999,4.600000870000001,1.1478004409225167,-0.5569889468851396
abl_anchor_w3.0_s42_e13,2KWH,979,0.07946834019946589,0.9513536117934672,0.5671962788106177,4.67404513888889,7.223524305555557,2.617892662788515,3.4445956089322567,4.67404513888889,7.223524305555557,4.8598482,0.7217801576154933,-0.9060777868602583
abl_anchor_w3.0_s42_e13,2KXD,1172,0.11056180768402055,1.9572466608582308,0.7286085570645089,1.741973840665874,9.058263971462544,2.2196244897959185,4.707134693877551,1.741973840665874,9.058263971462544,5.9505997,1.3635069929265637,-0.9993551433722397
abl_anchor_w3.0_s42_e13,2L33,1333,0.2057692182371294,1.6211541428361418,0.6946626034125982,1.8360881542699727,10.40449954086318,1.4474129441175727,4.914471856771294,1.8360881542699727,10.40449954086318,5.2412633,0.8142556276013676,-1.6184809431251788
abl_anchor_w3.0_s42_e13,2LQK,989,0.14111082195912514,1.2175600575353864,0.5881195807481424,3.7072053311120365,6.590587255310288,2.6187910883856835,4.199096055514975,3.7072053311120365,6.590587255310288,3.6606137999999997,0.6719271024739635,-0.8433113444203382
abl_anchor_w3.0_s42_e13,2WXC,786,0.24738004308126121,1.2963651537010976,0.8056396005636497,9.301775147928996,8.78500986193294,2.354152969537585,4.995397764628534,9.301775147928996,8.78500986193294,4.26771233,0.8130079483399579,-0.7885950210285594
abl_anchor_w3.0_s42_e13,3DKM,1238,0.10256645707538412,1.4357753543333622,0.6148218310164114,1.3308250470303684,8.983069067454986,2.1341709276844414,3.4002045288531777,1.3308250470303684,8.983069067454986,4.59877153,0.9962851193506944,-0.6197440984358406
abl_anchor_w3.0_s42_e13,4C26,1159,0.07603706335909116,1.2360723773555429,0.6551499353253261,3.5672514619883042,14.625730994152049,1.858799158007284,4.25974807043336,3.5672514619883042,14.625730994152049,5.93274544,1.2812041193791301,-1.4857282693095484
abl_anchor_w3.0_s42_e13,6EWS,1035,0.14734186896278104,1.2661001018803497,0.7672420426271298,7.162629757785466,9.152249134948097,2.8432882414151925,4.738813735691988,7.162629757785466,9.152249134948097,5.8334031,1.2307143883098142,-0.8976875720962466
abl_anchor_w3.0_s42_e13,6EWT,1024,0.13021715530624794,1.619354193318311,0.740177025124429,4.330642060745867,9.448673587081892,2.0997052415737536,4.549361356743133,4.330642060745867,9.448673587081892,5.94879153,1.3156719483434223,-1.2507651771655548
abl_anchor_w3.0_s42_e13,6EWU,1009,0.16496191060907808,1.4903594814612247,0.7691067153746135,9.2828,10.4936,3.2304284899785096,4.513749396956274,9.2828,10.4936,5.8676376999999995,1.21289041218872,-1.0575287726094365
abl_anchor_w3.0_s42_e13,HEEH_KT_rd6_0746,806,0.1595505718979159,0.590714481179801,0.6329225658141381,3.0225,10.57875,2.3508333333333336,3.918055555555556,3.0225,10.57875,3.2118105999999997,0.47692975280697586,-0.5885303018580881
abl_anchor_w3.0_s42_e13,HEEH_KT_rd6_0793,795,0.04189573841194812,0.6226061640264677,0.3910760607787253,2.090729783037475,6.794871794871794,2.0771838147023516,3.143845773603559,2.090729783037475,6.794871794871794,4.51796695,0.8036844039253913,-0.35194442983456686
abl_anchor_w3.0_s42_e13,HHH_rd1_0142,803,0.06859365831755022,0.6431480665741148,0.727007375146453,3.01125,13.04875,2.5651388888888893,4.795694444444445,3.01125,13.04875,4.7986937,1.0714884323822926,-1.1255566287683152
abl_anchor_w3.0_s42_e13,HHH_rd1_0244,770,0.07643157405227584,1.0307970474998909,0.6773544315977257,4.265927977839334,9.065096952908586,2.9693761814744803,4.250283553875237,4.265927977839334,9.065096952908586,5.2868981,1.0146250694228403,-1.0821465789015383
abl_anchor_w3.0_s42_e13,r11_1081_TrROS_Hall,897,0.16595902554003777,1.5613741425343488,0.5516475605486789,1.3899793388429753,12.046487603305787,1.598574292715527,4.146302071730898,1.3899793388429753,12.046487603305787,4.65563254,0.7702707389412259,-2.046000314478527
abl_anchor_w3.0_s42_e13,r12_757_TrROS_Hall,981,0.2606115634558369,2.1447333485676467,0.7099120997942482,6.945855893377759,6.945855893377759,3.087047063723449,3.7226155768429825,6.945855893377759,6.945855893377759,4.2161483,0.6372042032387177,-0.2133683579389772
abl_anchor_w3.0_s42_e13,r18_3_TrROS_Hall,989,0.23532826234265697,2.0702689626297754,0.7191855492452401,1.647646813827572,7.414410662224073,2.1221238130021916,4.244247626004383,1.647646813827572,7.414410662224073,5.5146794,0.6644375985041182,-1.5970132736117073
abl_calib_ctrl_repro2_e14,1GYZ,1125,0.5257533558227507,2.7741801529503447,0.7032675114571979,2.511160714285715,10.04464285714286,1.8734056122448977,3.9461096938775504,2.511160714285715,10.04464285714286,4.0189151999999995,0.7281762796064888,-1.9755675703087507
abl_calib_ctrl_repro2_e14,1PSE,1217,0.6221484715393801,1.341252091343173,0.6999369341060137,4.056666666666667,9.1275,1.9105180533751962,4.408887815481222,4.056666666666667,9.1275,4.0530602,0.67378847597833,-0.7923823444224543
abl_calib_ctrl_repro2_e14,1QKH,1271,0.2669272428767468,1.3738731073527652,0.5140351550098202,2.8820861678004532,8.326026706979087,2.253296398891967,2.992659279778394,2.8820861678004532,8.326026706979087,5.5054612,0.8075788683769668,-1.4101909567445807
abl_calib_ctrl_repro2_e14,1QP2,1082,0.42456426639474243,1.3200970046596006,0.57534611480794,4.081618655692729,7.792181069958847,2.473708276177412,3.7105624142661173,4.081618655692729,7.792181069958847,5.8662274,1.1245787749153269,0.4071901200519476
abl_calib_ctrl_repro2_e14,1TUC,1043,0.5266335852028804,3.362183339124282,0.7739195041612809,6.943047337278105,11.18602071005917,2.785790598290598,4.585839907955291,6.943047337278105,11.18602071005917,5.5934835,1.084883705233091,-0.7020659082342081
abl_calib_ctrl_repro2_e14,1W4H,801,1.2566148619499555,-0.17365109265963274,0.8406602388426874,7.008750000000001,13.016250000000001,2.2806249999999997,5.00625,7.008750000000001,13.016250000000001,4.29553036,0.7976547381379945,-0.9520094359537546
abl_calib_ctrl_repro2_e14,2BTH,800,0.48351786145358416,2.220604931574874,0.8600815512982463,5.999999999999999,11.499999999999998,2.611111111111111,5.055555555555555,5.999999999999999,11.499999999999998,4.4037615,0.7355566176507007,-1.0682977534470404
abl_calib_ctrl_repro2_e14,2K1B,933,0.8700251229059465,2.064971287101713,0.8112682246196793,8.818525519848771,9.700378071833649,3.476838672946535,4.684074323275192,8.818525519848771,9.700378071833649,4.5836005,0.8477585745785166,-0.32628550450017907
abl_calib_ctrl_repro2_e14,2K28,919,0.7221180599635749,2.258357183177772,0.842559372006706,6.807407407407408,12.253333333333336,3.1336778730886037,4.651553092865896,6.807407407407408,12.253333333333336,4.8943686,0.9592636589323447,-0.7621123255926278
abl_calib_ctrl_repro2_e14,2K5H,1124,0.49951906786948946,2.6622738312746486,0.8613265166931863,3.9426020408163267,10.035714285714286,2.4292800453514745,4.978032879818595,3.9426020408163267,10.035714285714286,5.978976100000001,1.5841861077486645,-1.6785513512535803
abl_calib_ctrl_repro2_e14,2KVS,1206,0.09446489586140193,0.14642934679965974,0.16136774542928567,1.6749999999999998,4.02,1.2283333333333335,1.9355555555555557,1.6749999999999998,4.02,4.600000870000001,1.1478004409225167,-0.5569889468851396
abl_calib_ctrl_repro2_e14,2KWH,979,0.6165144304187075,0.8214428873090748,0.8059516901316992,7.223524305555557,11.472656250000002,3.1231000187652462,5.006145618314879,7.223524305555557,11.472656250000002,4.8598482,0.7217801576154933,-0.9060777868602583
abl_calib_ctrl_repro2_e14,2KXD,1172,0.39639527902256055,0.36422061888042806,0.8155149528146861,1.0451843043995244,11.845422116527944,1.9134693877551021,4.860212244897959,1.0451843043995244,11.845422116527944,5.9505997,1.3635069929265637,-0.9993551433722397
abl_calib_ctrl_repro2_e14,2L33,1333,0.6477181187257706,2.733574778631139,0.79278687153039,2.4481175390266303,11.322543617998166,1.8850029039670715,5.1837579859094465,2.4481175390266303,11.322543617998166,5.2412633,0.8142556276013676,-1.6184809431251788
abl_calib_ctrl_repro2_e14,2LQK,989,0.49611770343560774,0.11176953906395853,0.6231574253729174,4.942940441482715,5.354852144939609,2.8897005113221335,4.379702337472608,4.942940441482715,5.354852144939609,3.6606137999999997,0.6719271024739635,-0.8433113444203382
abl_calib_ctrl_repro2_e14,2WXC,786,1.2041396467243155,0.349768719668227,0.857557419863621,8.78500986193294,11.368836291913217,2.7560815253122946,5.397326320403244,8.78500986193294,11.368836291913217,4.26771233,0.8130079483399579,-0.7885950210285594
abl_calib_ctrl_repro2_e14,3DKM,1238,0.3179978894181453,1.9431619415719208,0.6508754316230749,2.994356355818329,9.31577532921258,2.7491015339663987,3.4363769174579986,2.994356355818329,9.31577532921258,4.59877153,0.9962851193506944,-0.6197440984358406
abl_calib_ctrl_repro2_e14,4C26,1159,0.4254200258979945,0.8900069290932435,0.7829127199244231,3.923976608187135,14.625730994152049,1.820074175548799,5.034247719603061,3.923976608187135,14.625730994152049,5.93274544,1.2812041193791301,-1.4857282693095484
abl_calib_ctrl_repro2_e14,6EWS,1035,0.5156977974645756,1.6951213236630311,0.8119245881012578,9.152249134948097,7.958477508650518,3.2310093652445366,5.169614984391259,9.152249134948097,7.958477508650518,5.8334031,1.2307143883098142,-0.8976875720962466
abl_calib_ctrl_repro2_e14,6EWT,1024,0.46536263742622164,2.1073061858610544,0.8091395685111091,5.118031526336025,11.810841983852365,2.4496561151693794,4.811824511939852,5.118031526336025,11.810841983852365,5.94879153,1.3156719483434223,-1.2507651771655548
abl_calib_ctrl_repro2_e14,6EWU,1009,0.47211398946719885,2.754009989485195,0.8233270617653617,10.8972,13.7224,3.495943160387702,4.779264067365466,10.8972,13.7224,5.8676376999999995,1.21289041218872,-1.0575287726094365
abl_calib_ctrl_repro2_e14,HEEH_KT_rd6_0746,806,0.5134402130387122,1.9885608932677703,0.7644132491064848,4.5337499999999995,10.57875,3.0225000000000004,4.421805555555556,4.5337499999999995,10.57875,3.2118105999999997,0.47692975280697586,-0.5885303018580881
abl_calib_ctrl_repro2_e14,HEEH_KT_rd6_0793,795,0.07954348028560594,2.001379275812843,0.32291605192563055,3.1360946745562126,3.658777120315581,1.8526234023020973,2.1894640209024785,3.1360946745562126,3.658777120315581,4.51796695,0.8036844039253913,-0.35194442983456686
abl_calib_ctrl_repro2_e14,HHH_rd1_0142,803,0.26379729037313615,2.0011358993093076,0.7880463215439685,3.513125,13.550625,2.9554861111111115,5.07451388888889,3.513125,13.550625,4.7986937,1.0714884323822926,-1.1255566287683152
abl_calib_ctrl_repro2_e14,HHH_rd1_0244,770,0.314092135917978,2.763386035897925,0.826846586591666,3.732686980609418,13.33102493074792,3.4351606805293007,4.774291115311909,3.732686980609418,13.33102493074792,5.2868981,1.0146250694228403,-1.0821465789015383
abl_calib_ctrl_repro2_e14,r11_1081_TrROS_Hall,897,0.5054427132903856,3.423990833174775,0.7979516966164779,2.7799586776859506,16.216425619834713,2.4478168857206506,4.795722878146581,2.7799586776859506,16.216425619834713,4.65563254,0.7702707389412259,-2.046000314478527
abl_calib_ctrl_repro2_e14,r12_757_TrROS_Hall,981,0.6454300958312104,3.065495018174495,0.7460856670590881,9.805914202415659,7.763015410245731,3.2232403165347776,4.4035818408996255,9.805914202415659,7.763015410245731,4.2161483,0.6372042032387177,-0.2133683579389772
abl_calib_ctrl_repro2_e14,r18_3_TrROS_Hall,989,0.3986304423897488,4.1926240019803425,0.8043264478729388,1.2357351103706788,13.593086214077468,1.8512143900657416,5.192430606281959,1.2357351103706788,13.593086214077468,5.5146794,0.6644375985041182,-1.5970132736117073
abl_p3_slope3.0_s42_e8,1GYZ,1125,0.34461494350509153,2.521142069962955,0.6848122014253089,1.0762117346938778,10.04464285714286,1.4748086734693875,3.9461096938775504,1.0762117346938778,10.04464285714286,4.0189151999999995,0.7281762796064888,-1.9755675703087507
abl_p3_slope3.0_s42_e8,1PSE,1217,0.3655946599862055,2.228197704734681,0.6704944489205088,3.3805555555555555,9.465555555555556,1.9472587851708731,4.445628547276899,3.3805555555555555,9.465555555555556,4.0530602,0.67378847597833,-0.7923823444224543
abl_p3_slope3.0_s42_e8,1QKH,1271,0.13206182062708302,2.191376497942528,0.504825330227979,1.2809271856890903,8.326026706979087,1.8660110803324101,3.0982825484764547,1.2809271856890903,8.326026706979087,5.5054612,0.8075788683769668,-1.4101909567445807
abl_p3_slope3.0_s42_e8,1QP2,1082,0.20850905415055965,2.250401598828282,0.5451066953387242,4.452674897119341,8.163237311385458,2.5149367474470354,3.7105624142661173,4.452674897119341,8.163237311385458,5.8662274,1.1245787749153269,0.4071901200519476
abl_p3_slope3.0_s42_e8,1TUC,1043,0.35879138204555805,2.635954527884933,0.7599766156699408,5.785872781065088,11.571745562130175,2.700073964497041,4.157256738987508,5.785872781065088,11.571745562130175,5.5934835,1.084883705233091,-0.7020659082342081
abl_p3_slope3.0_s42_e8,1W4H,801,0.7759553593117637,0.2166176120567853,0.8198794360454008,7.509375000000001,13.516875000000002,2.4475,4.950625,7.509375000000001,13.516875000000002,4.29553036,0.7976547381379945,-0.9520094359537546
abl_p3_slope3.0_s42_e8,2BTH,800,0.2348539093311901,2.0257321174739413,0.8036047592742804,6.999999999999998,8.999999999999998,2.888888888888889,4.611111111111111,6.999999999999998,8.999999999999998,4.4037615,0.7355566176507007,-1.0682977534470404
abl_p3_slope3.0_s42_e8,2K1B,933,0.5458704195909102,1.837493545689464,0.7961859891614314,8.818525519848771,8.818525519848771,3.4285492469333883,4.732363749288339,8.818525519848771,8.818525519848771,4.5836005,0.8477585745785166,-0.32628550450017907
abl_p3_slope3.0_s42_e8,2K28,919,0.47439372299558713,1.8681646939872083,0.8082606392342836,5.899753086419754,10.891851851851854,2.7909318557195375,4.5046619425648675,5.899753086419754,10.891851851851854,4.8943686,0.9592636589323447,-0.7621123255926278
abl_p3_slope3.0_s42_e8,2K5H,1124,0.3246987470452792,2.4711444456903653,0.8287039273069062,2.86734693877551,7.885204081632653,2.3894557823129254,5.017857142857144,2.86734693877551,7.885204081632653,5.978976100000001,1.5841861077486645,-1.6785513512535803
abl_p3_slope3.0_s42_e8,2KVS,1206,0.10634344613916169,-0.12550200916448415,0.2112827599940336,2.01,5.359999999999999,1.34,2.2705555555555557,2.01,5.359999999999999,4.600000870000001,1.1478004409225167,-0.5569889468851396
abl_p3_slope3.0_s42_e8,2KWH,979,0.45282505018958435,1.0222676101818133,0.7955536213512296,8.498263888888891,11.472656250000002,3.3986676674798266,4.914289735410019,8.498263888888891,11.472656250000002,4.8598482,0.7217801576154933,-0.9060777868602583
abl_p3_slope3.0_s42_e8,2KXD,1172,0.26687604717569435,0.7074966638413678,0.817031671300536,2.0903686087990487,11.845422116527944,1.6838530612244897,4.975020408163266,2.0903686087990487,11.845422116527944,5.9505997,1.3635069929265637,-0.9993551433722397
abl_p3_slope3.0_s42_e8,2L33,1333,0.48822699211089104,1.498319796789457,0.8145434826910506,3.6721763085399455,13.158631772268137,2.2216105653897626,5.453044115047599,3.6721763085399455,13.158631772268137,5.2412633,0.8142556276013676,-1.6184809431251788
abl_p3_slope3.0_s42_e8,2LQK,989,0.4532574813313932,0.8819481923005617,0.6193631094145662,4.11911703456893,3.7072053311120365,3.115458363769175,4.06364134404675,4.11911703456893,3.7072053311120365,3.6606137999999997,0.6719271024739635,-0.8433113444203382
abl_p3_slope3.0_s42_e8,2WXC,786,0.7161232358456455,0.6937766697347618,0.8388286408639534,7.751479289940829,10.85207100591716,2.5838264299802765,5.397326320403244,7.751479289940829,10.85207100591716,4.26771233,0.8130079483399579,-0.7885950210285594
abl_p3_slope3.0_s42_e8,3DKM,1238,0.21223274796097222,2.3252202403499007,0.63390741243969,2.994356355818329,9.31577532921258,3.002308254200146,3.4002045288531777,2.994356355818329,9.31577532921258,4.59877153,0.9962851193506944,-0.6197440984358406
abl_p3_slope3.0_s42_e8,4C26,1159,0.2578867724174783,1.1299656458478842,0.7658926172491474,3.923976608187135,13.912280701754387,1.820074175548799,4.685722877476695,3.923976608187135,13.912280701754387,5.93274544,1.2812041193791301,-1.4857282693095484
abl_p3_slope3.0_s42_e8,6EWS,1035,0.30223812852709336,1.29670714398113,0.8074057007468677,10.346020761245674,8.75432525951557,3.274089490114464,5.2557752341311135,10.346020761245674,8.75432525951557,5.8334031,1.2307143883098142,-0.8976875720962466
abl_p3_slope3.0_s42_e8,6EWT,1024,0.25126567546078316,1.5869244984726198,0.804179087568641,4.724336793540946,12.9919261822376,2.4933999743688324,4.855568371139306,4.724336793540946,12.9919261822376,5.94879153,1.3156719483434223,-1.2507651771655548
abl_p3_slope3.0_s42_e8,6EWU,1009,0.2746664532008387,1.9416972334432945,0.8064782637932241,10.09,13.3188,3.4516907153195033,4.602254287092671,10.09,13.3188,5.8676376999999995,1.21289041218872,-1.0575287726094365
abl_p3_slope3.0_s42_e8,HEEH_KT_rd6_0746,806,0.3332819994660348,1.6641977378801194,0.5891912264361059,4.03,9.57125,2.4068055555555556,3.358333333333334,4.03,9.57125,3.2118105999999997,0.47692975280697586,-0.5885303018580881
abl_p3_slope3.0_s42_e8,HEEH_KT_rd6_0793,795,0.10547687082812637,1.5966488127043976,0.4391742686500058,2.090729783037475,6.272189349112425,1.6842030930019065,3.256125979803686,2.090729783037475,6.272189349112425,4.51796695,0.8036844039253913,-0.35194442983456686
abl_p3_slope3.0_s42_e8,HHH_rd1_0142,803,0.17463295861968142,1.8209822585654538,0.8031568968016606,2.509375,13.04875,2.676666666666667,5.018750000000001,2.509375,13.04875,4.7986937,1.0714884323822926,-1.1255566287683152
abl_p3_slope3.0_s42_e8,HHH_rd1_0244,770,0.12388522472247766,2.4195240127251822,0.7952190141560023,5.3324099722991685,11.73130193905817,3.0858223062381853,4.832514177693763,5.3324099722991685,11.73130193905817,5.2868981,1.0146250694228403,-1.0821465789015383
abl_p3_slope3.0_s42_e8,r11_1081_TrROS_Hall,897,0.45733314656563023,2.0060845807350702,0.7932252555165161,2.316632231404959,15.289772727272728,2.1980396524838497,4.6958119848518605,2.316632231404959,15.289772727272728,4.65563254,0.7702707389412259,-2.046000314478527
abl_p3_slope3.0_s42_e8,r12_757_TrROS_Hall,981,0.4137531724092887,2.6954444287689814,0.7619044104415704,8.988754685547688,8.171595168679717,3.177842565597668,4.766763848396502,8.988754685547688,8.171595168679717,4.2161483,0.6372042032387177,-0.2133683579389772
abl_p3_slope3.0_s42_e8,r18_3_TrROS_Hall,989,0.32623463103035083,3.237257488037132,0.766277598741422,0.823823406913786,14.00499791753436,1.760911249086925,4.831218042366692,0.823823406913786,14.00499791753436,5.5146794,0.6644375985041182,-1.5970132736117073
abl_sigma_seed1_e13,1GYZ,1125,0.5528652338178491,2.5027063096104336,0.6906400372778561,2.1524234693877555,9.6859056122449,1.7936862244897955,4.0258290816326525,2.1524234693877555,9.6859056122449,4.0189151999999995,0.7281762796064888,-1.9755675703087507
abl_sigma_seed1_e13,1PSE,1217,0.6650924857419239,1.4299144490644917,0.6969073736657326,4.056666666666667,8.789444444444445,1.9472587851708731,4.335406351889868,4.056666666666667,8.789444444444445,4.0530602,0.67378847597833,-0.7923823444224543
abl_sigma_seed1_e13,1QKH,1271,0.29371064431299465,1.2855922786925855,0.5495203821853482,2.5618543713781805,8.64625850340136,1.7955955678670363,3.4151523545706377,2.5618543713781805,8.64625850340136,5.5054612,0.8075788683769668,-1.4101909567445807
abl_sigma_seed1_e13,1QP2,1082,0.3780047624155828,1.5312379984634668,0.5722928254314962,4.081618655692729,8.53429355281207,2.4324798049077883,3.7930193568053645,4.081618655692729,8.53429355281207,5.8662274,1.1245787749153269,0.4071901200519476
abl_sigma_seed1_e13,1TUC,1043,0.49986530628291787,2.023399650343141,0.7630534043489638,6.171597633136093,11.18602071005917,2.871507232084155,4.585839907955291,6.171597633136093,11.18602071005917,5.5934835,1.084883705233091,-0.7020659082342081
abl_sigma_seed1_e13,1W4H,801,1.0554342207376661,0.2485074992553178,0.8324748184511495,6.0075,12.515625000000002,2.503125,5.061875,6.0075,12.515625000000002,4.29553036,0.7976547381379945,-0.9520094359537546
abl_sigma_seed1_e13,2BTH,800,0.5668223467791578,1.825996162308218,0.8443210160450653,5.999999999999999,12.499999999999996,2.7222222222222223,5.0,5.999999999999999,12.499999999999996,4.4037615,0.7355566176507007,-1.0682977534470404
abl_sigma_seed1_e13,2K1B,933,0.8411817331339122,1.5051722236333245,0.8083474144328214,8.377599243856332,9.700378071833649,3.4285492469333883,4.732363749288339,8.377599243856332,9.700378071833649,4.5836005,0.8477585745785166,-0.32628550450017907
abl_sigma_seed1_e13,2K28,919,0.6828506493068953,1.8051003958537435,0.8346289989036814,7.261234567901235,10.891851851851854,3.1336778730886037,4.700516809632906,7.261234567901235,10.891851851851854,4.8943686,0.9592636589323447,-0.7621123255926278
abl_sigma_seed1_e13,2K5H,1124,0.43324597007764004,2.5527619456461013,0.8627830628245899,2.1505102040816326,10.752551020408164,2.1903344671201816,5.13732993197279,2.1505102040816326,10.752551020408164,5.978976100000001,1.5841861077486645,-1.6785513512535803
abl_sigma_seed1_e13,2KVS,1206,0.05703032227871664,0.36246127269731027,0.12252712737535768,1.005,4.02,1.34,1.8238888888888891,1.005,4.02,4.600000870000001,1.1478004409225167,-0.5569889468851396
abl_sigma_seed1_e13,2KWH,979,0.5548449824405811,0.41219103830540826,0.8092516182708831,8.498263888888891,12.747395833333336,3.077172077312816,4.822433852505159,8.498263888888891,12.747395833333336,4.8598482,0.7217801576154933,-0.9060777868602583
abl_sigma_seed1_e13,2KXD,1172,0.31502950524658635,-0.25522171043343,0.7905734906804541,2.0903686087990487,11.148632580261594,1.798661224489796,4.745404081632653,2.0903686087990487,11.148632580261594,5.9505997,1.3635069929265637,-0.9993551433722397
abl_sigma_seed1_e13,2L33,1333,0.6313846491582302,1.7548333398310247,0.7856040122337948,3.6721763085399455,10.40449954086318,1.8850029039670715,5.082775687482639,3.6721763085399455,10.40449954086318,5.2412633,0.8142556276013676,-1.6184809431251788
abl_sigma_seed1_e13,2LQK,989,0.5504450027335084,0.35172405597776274,0.6180802148110035,6.178675551853394,4.942940441482715,2.799397370343317,4.379702337472608,6.178675551853394,4.942940441482715,3.6606137999999997,0.6719271024739635,-0.8433113444203382
abl_sigma_seed1_e13,2WXC,786,0.9668609921213775,0.7426968028289129,0.8429443480712359,8.268244575936885,10.85207100591716,2.8709182555336406,5.282489590181898,8.268244575936885,10.85207100591716,4.26771233,0.8130079483399579,-0.7885950210285594
abl_sigma_seed1_e13,3DKM,1238,0.2990074026243483,2.1653413575746456,0.6257399174383266,1.6635313087879604,9.31577532921258,2.5320672023374726,3.3640321402483564,1.6635313087879604,9.31577532921258,4.59877153,0.9962851193506944,-0.6197440984358406
abl_sigma_seed1_e13,4C26,1159,0.37242575451558013,0.9352162907969975,0.7897176499063135,3.923976608187135,15.339181286549708,1.781349193090314,5.072972702061546,3.923976608187135,15.339181286549708,5.93274544,1.2812041193791301,-1.4857282693095484
abl_sigma_seed1_e13,6EWS,1035,0.3750321408981273,1.0737452727701766,0.804961597716734,6.366782006920415,7.958477508650518,3.1448491155046825,5.126534859521332,6.366782006920415,7.958477508650518,5.8334031,1.2307143883098142,-0.8976875720962466
abl_sigma_seed1_e13,6EWT,1024,0.3281457615016964,1.5610552485967497,0.7914456355191618,4.330642060745867,11.023452518262207,2.2746806783715665,4.943056089538212,4.330642060745867,11.023452518262207,5.94879153,1.3156719483434223,-1.2507651771655548
abl_sigma_seed1_e13,6EWU,1009,0.37043232228914547,1.879674197587773,0.8157134451260741,8.879199999999999,12.5116,3.4516907153195033,4.8677689575018634,8.879199999999999,12.5116,5.8676376999999995,1.21289041218872,-1.0575287726094365
abl_sigma_seed1_e13,HEEH_KT_rd6_0746,806,0.31827219176852894,1.9806883879755046,0.7266653939141436,5.54125,10.075,2.686666666666667,4.2538888888888895,5.54125,10.075,3.2118105999999997,0.47692975280697586,-0.5885303018580881
abl_sigma_seed1_e13,HEEH_KT_rd6_0793,795,0.09302497816148643,1.6274608106922441,0.4001881183419778,3.658777120315581,5.226824457593688,1.7964832992020336,2.8070051550031776,3.658777120315581,5.226824457593688,4.51796695,0.8036844039253913,-0.35194442983456686
abl_sigma_seed1_e13,HHH_rd1_0142,803,0.2678440101128297,1.080792340133722,0.7283641460949947,2.0075,10.0375,2.3420833333333335,5.07451388888889,2.0075,10.0375,4.7986937,1.0714884323822926,-1.1255566287683152
abl_sigma_seed1_e13,HHH_rd1_0244,770,0.31727226710246337,2.3914059823395775,0.8400088635391627,6.3988919667590025,11.73130193905817,3.4351606805293007,4.9489603024574675,6.3988919667590025,11.73130193905817,5.2868981,1.0146250694228403,-1.0821465789015383
abl_sigma_seed1_e13,r11_1081_TrROS_Hall,897,0.43795630620578785,1.9508292061578407,0.7606894008758509,2.316632231404959,15.753099173553721,1.9482624192470486,4.795722878146581,2.316632231404959,15.753099173553721,4.65563254,0.7702707389412259,-2.046000314478527
abl_sigma_seed1_e13,r12_757_TrROS_Hall,981,0.4832300860255907,2.4967596419315665,0.7396888195201073,8.171595168679717,7.763015410245731,3.087047063723449,4.494377342773845,8.171595168679717,7.763015410245731,4.2161483,0.6372042032387177,-0.2133683579389772
abl_sigma_seed1_e13,r18_3_TrROS_Hall,989,0.38079557560865884,2.98169377911238,0.7919598866232687,2.4714702207413577,12.769262807163681,1.9866691015339668,4.966672753834917,2.4714702207413577,12.769262807163681,5.5146794,0.6644375985041182,-1.5970132736117073
abl_sigma_seed2_e10,1GYZ,1125,0.5096097734957411,2.7555871910200724,0.7135255752291134,1.7936862244897962,10.04464285714286,1.7139668367346936,4.065688775510203,1.7936862244897962,10.04464285714286,4.0189151999999995,0.7281762796064888,-1.9755675703087507
abl_sigma_seed2_e10,1PSE,1217,0.556586472215378,1.6059255013298799,0.6884971184770459,4.056666666666667,9.1275,1.9472587851708731,4.335406351889868,4.056666666666667,9.1275,4.0530602,0.67378847597833,-0.7923823444224543
abl_sigma_seed2_e10,1QKH,1271,0.2310793138029453,2.1119066474990795,0.5637927650413643,3.202317964222726,8.326026706979087,1.9716343490304713,3.4855678670360115,3.202317964222726,8.326026706979087,5.5054612,0.8075788683769668,-1.4101909567445807
abl_sigma_seed2_e10,1QP2,1082,0.3525730701139799,1.8354233997526896,0.5638571115706222,4.452674897119341,8.163237311385458,2.4324798049077883,3.7105624142661173,4.452674897119341,8.163237311385458,5.8662274,1.1245787749153269,0.4071901200519476
abl_sigma_seed2_e10,1TUC,1043,0.5161102742565474,1.68729861614964,0.7690400699606744,6.943047337278105,11.18602071005917,2.785790598290598,4.285831689677843,6.943047337278105,11.18602071005917,5.5934835,1.084883705233091,-0.7020659082342081
abl_sigma_seed2_e10,1W4H,801,0.8503286794702541,0.7001305471098962,0.8342004024193743,7.008750000000001,13.016250000000001,2.4475,5.22875,7.008750000000001,13.016250000000001,4.29553036,0.7976547381379945,-0.9520094359537546
abl_sigma_seed2_e10,2BTH,800,0.40989079308522564,2.1807562511890333,0.838246347650069,4.499999999999999,12.499999999999996,2.5,5.0,4.499999999999999,12.499999999999996,4.4037615,0.7355566176507007,-1.0682977534470404
abl_sigma_seed2_e10,2K1B,933,0.7698039687488818,1.5131007970831718,0.8196710699062585,8.818525519848771,10.141304347826088,3.525128098959681,4.925521453340925,8.818525519848771,10.141304347826088,4.5836005,0.8477585745785166,-0.32628550450017907
abl_sigma_seed2_e10,2K28,919,0.6353972803222441,1.416304398235844,0.8390128686508376,7.261234567901235,12.253333333333336,3.3784964569236506,4.798444243166925,7.261234567901235,12.253333333333336,4.8943686,0.9592636589323447,-0.7621123255926278
abl_sigma_seed2_e10,2K5H,1124,0.49197951604012286,2.2911228420663243,0.8583621873708017,3.225765306122449,10.394132653061225,2.3098072562358283,5.216978458049888,3.225765306122449,10.394132653061225,5.978976100000001,1.5841861077486645,-1.6785513512535803
abl_sigma_seed2_e10,2KVS,1206,0.13489476271499465,0.16398468129252522,0.509713100003965,2.3449999999999998,7.704999999999999,1.5261111111111112,3.6477777777777782,2.3449999999999998,7.704999999999999,4.600000870000001,1.1478004409225167,-0.5569889468851396
abl_sigma_seed2_e10,2KWH,979,0.47660766761717693,0.3250267537924468,0.7974521131915304,8.073350694444446,12.747395833333336,3.2149559016701064,4.914289735410019,8.073350694444446,12.747395833333336,4.8598482,0.7217801576154933,-0.9060777868602583
abl_sigma_seed2_e10,2KXD,1172,0.2915095335011464,0.7893507896275084,0.8142796485663178,2.0903686087990487,11.845422116527944,2.1048163265306123,5.089828571428572,2.0903686087990487,11.845422116527944,5.9505997,1.3635069929265637,-0.9993551433722397
abl_sigma_seed2_e10,2L33,1333,0.6393281973230894,1.9172825663399338,0.8093952360928212,1.8360881542699727,12.240587695133152,1.817681371682533,5.318401050478523,1.8360881542699727,12.240587695133152,5.2412633,0.8142556276013676,-1.6184809431251788
abl_sigma_seed2_e10,2LQK,989,0.450438337664104,0.1375981257704137,0.6345652696618275,4.942940441482715,5.354852144939609,3.0251552227903584,4.515157048940833,4.942940441482715,5.354852144939609,3.6606137999999997,0.6719271024739635,-0.8433113444203382
abl_sigma_seed2_e10,2WXC,786,0.7994728241889352,1.179560122593314,0.8448068948300885,8.78500986193294,11.368836291913217,2.698663160201622,5.3399079552925715,8.78500986193294,11.368836291913217,4.26771233,0.8130079483399579,-0.7885950210285594
abl_sigma_seed2_e10,3DKM,1238,0.31744604711098856,2.107306075640288,0.6392717543017354,2.328943832303145,9.31577532921258,2.857618699780862,3.4725493060628194,2.328943832303145,9.31577532921258,4.59877153,0.9962851193506944,-0.6197440984358406
abl_sigma_seed2_e10,4C26,1159,0.3868332192270708,0.8223406228496211,0.7877248263970258,4.280701754385965,15.339181286549708,1.781349193090314,4.995522737144576,4.280701754385965,15.339181286549708,5.93274544,1.2812041193791301,-1.4857282693095484
abl_sigma_seed2_e10,6EWS,1035,0.3948583206263151,0.8684892633973016,0.8148272872000528,8.356401384083044,9.152249134948097,3.1879292403746096,5.2557752341311135,8.356401384083044,9.152249134948097,5.8334031,1.2307143883098142,-0.8976875720962466
abl_sigma_seed2_e10,6EWT,1024,0.35701420592903177,1.3263667176707419,0.8074665643986539,4.724336793540946,12.9919261822376,2.405912255969926,4.855568371139306,4.724336793540946,12.9919261822376,5.94879153,1.3156719483434223,-1.2507651771655548
abl_sigma_seed2_e10,6EWU,1009,0.39644006588156583,1.7532194057195538,0.8205473085221421,9.686399999999999,13.7224,3.4516907153195033,4.735011622297267,9.686399999999999,13.7224,5.8676376999999995,1.21289041218872,-1.0575287726094365
abl_sigma_seed2_e10,HEEH_KT_rd6_0746,806,0.47994401031463696,1.525100110228024,0.718706604602265,3.5262499999999997,10.57875,2.910555555555556,4.309861111111111,3.5262499999999997,10.57875,3.2118105999999997,0.47692975280697586,-0.5885303018580881
abl_sigma_seed2_e10,HEEH_KT_rd6_0793,795,0.08293575796458812,1.214900832691864,0.3373795248124466,2.613412228796844,6.272189349112425,1.7964832992020336,2.4701645364027964,2.613412228796844,6.272189349112425,4.51796695,0.8036844039253913,-0.35194442983456686
abl_sigma_seed2_e10,HHH_rd1_0142,803,0.34778367095507395,0.9938849201522302,0.7904502001759403,2.509375,14.0525,2.732430555555556,5.07451388888889,2.509375,14.0525,4.7986937,1.0714884323822926,-1.1255566287683152
abl_sigma_seed2_e10,HHH_rd1_0244,770,0.2890374076669442,2.386641772511495,0.8382024817141256,6.3988919667590025,13.33102493074792,3.668052930056711,4.9489603024574675,6.3988919667590025,13.33102493074792,5.2868981,1.0146250694228403,-1.0821465789015383
abl_sigma_seed2_e10,r11_1081_TrROS_Hall,897,0.563595352465706,1.306076099943256,0.7879147315248685,0.9266528925619836,16.679752066115704,2.1480842058364895,4.6958119848518605,0.9266528925619836,16.679752066115704,4.65563254,0.7702707389412259,-2.046000314478527
abl_sigma_seed2_e10,r12_757_TrROS_Hall,981,0.4508420436370449,2.5317822221786277,0.7300771469331047,9.397334443981674,8.171595168679717,3.087047063723449,4.539775093710954,9.397334443981674,8.171595168679717,4.2161483,0.6372042032387177,-0.2133683579389772
abl_sigma_seed2_e10,r18_3_TrROS_Hall,989,0.4071184021183596,2.852952871478975,0.8095826458225035,2.883381924198251,14.00499791753436,1.89636596055515,5.14727903579255,2.883381924198251,14.00499791753436,5.5146794,0.6644375985041182,-1.5970132736117073
abl_sigma_seed3_e13,1GYZ,1125,0.38553285237527696,2.718004853196791,0.7135851632472918,1.0762117346938778,11.479591836734695,1.5545280612244896,3.9859693877551012,1.0762117346938778,11.479591836734695,4.0189151999999995,0.7281762796064888,-1.9755675703087507
abl_sigma_seed3_e13,1PSE,1217,0.39797771238497637,1.4753789688971068,0.7137722857869082,4.394722222222223,9.1275,1.9472587851708731,4.445628547276899,4.394722222222223,9.1275,4.0530602,0.67378847597833,-0.7923823444224543
abl_sigma_seed3_e13,1QKH,1271,0.20006279598512897,1.4905835531361686,0.5298323784164967,3.202317964222726,8.64625850340136,2.0420498614958453,3.2743213296398896,3.202317964222726,8.64625850340136,5.5054612,0.8075788683769668,-1.4101909567445807
abl_sigma_seed3_e13,1QP2,1082,0.26397025925225265,1.3395642749814234,0.5873093337133166,4.081618655692729,7.792181069958847,2.3912513336381647,3.751790885535741,4.081618655692729,7.792181069958847,5.8662274,1.1245787749153269,0.4071901200519476
abl_sigma_seed3_e13,1TUC,1043,0.41986029882089376,2.4715861304661346,0.783589443891524,5.014423076923076,11.95747041420118,2.8286489151873764,4.4572649572649565,5.014423076923076,11.95747041420118,5.5934835,1.084883705233091,-0.7020659082342081
abl_sigma_seed3_e13,1W4H,801,0.8033061649288024,0.5539956462239862,0.8363979428954673,7.509375000000001,12.515625000000002,2.55875,5.00625,7.509375000000001,12.515625000000002,4.29553036,0.7976547381379945,-0.9520094359537546
abl_sigma_seed3_e13,2BTH,800,0.4022712591317872,1.7384738782791478,0.8515837926211764,6.499999999999998,12.999999999999996,2.8333333333333335,4.888888888888889,6.499999999999998,12.999999999999996,4.4037615,0.7355566176507007,-1.0682977534470404
abl_sigma_seed3_e13,2K1B,933,0.635479303668519,1.9804686715996846,0.804057752999564,8.818525519848771,9.700378071833649,3.525128098959681,4.732363749288339,8.818525519848771,9.700378071833649,4.5836005,0.8477585745785166,-0.32628550450017907
abl_sigma_seed3_e13,2K28,919,0.5243831074694879,2.1897936111825635,0.8318061719693061,7.715061728395063,12.253333333333336,3.2316053066226225,4.798444243166925,7.715061728395063,12.253333333333336,4.8943686,0.9592636589323447,-0.7621123255926278
abl_sigma_seed3_e13,2K5H,1124,0.33394851182865704,2.5943513927651827,0.853832977218743,3.225765306122449,10.752551020408164,2.5487528344671206,5.097505668934241,3.225765306122449,10.752551020408164,5.978976100000001,1.5841861077486645,-1.6785513512535803
abl_sigma_seed3_e13,2KVS,1206,0.07375704240921235,0.744445771848743,0.15910952265918965,1.3399999999999999,2.6799999999999997,1.4144444444444446,1.6005555555555557,1.3399999999999999,2.6799999999999997,4.600000870000001,1.1478004409225167,-0.5569889468851396
abl_sigma_seed3_e13,2KWH,979,0.37392543074803486,0.9986423972695936,0.7682282914061136,8.498263888888891,9.773003472222223,3.1690279602176763,4.500938262338149,8.498263888888891,9.773003472222223,4.8598482,0.7217801576154933,-0.9060777868602583
abl_sigma_seed3_e13,2KXD,1172,0.32718558276106685,0.047551409895619866,0.8167379312707889,1.0451843043995244,11.845422116527944,1.951738775510204,4.936751020408163,1.0451843043995244,11.845422116527944,5.9505997,1.3635069929265637,-0.9993551433722397
abl_sigma_seed3_e13,2L33,1333,0.5000761023339784,2.148086277139432,0.8171907742768488,2.754132231404959,12.852617079889809,1.7166990732557257,5.352061816620792,2.754132231404959,12.852617079889809,5.2412633,0.8142556276013676,-1.6184809431251788
abl_sigma_seed3_e13,2LQK,989,0.418906234724594,0.5125930771007212,0.6291747618085115,4.11911703456893,4.942940441482715,2.8897005113221335,4.289399196493791,4.11911703456893,4.942940441482715,3.6606137999999997,0.6719271024739635,-0.8433113444203382
abl_sigma_seed3_e13,2WXC,786,0.7386125615900186,0.8662949953309301,0.8589375017350721,9.818540433925051,11.368836291913217,2.7560815253122946,5.282489590181898,9.818540433925051,11.368836291913217,4.26771233,0.8130079483399579,-0.7885950210285594
abl_sigma_seed3_e13,3DKM,1238,0.24090986188053404,1.6729916537098328,0.6481932234648443,2.994356355818329,9.31577532921258,2.712929145361578,3.5087216946676407,2.994356355818329,9.31577532921258,4.59877153,0.9962851193506944,-0.6197440984358406
abl_sigma_seed3_e13,4C26,1159,0.32305603808837985,0.8936371422839242,0.7844674195843073,3.923976608187135,14.982456140350878,1.8975241404657692,4.80189782485215,3.923976608187135,14.982456140350878,5.93274544,1.2812041193791301,-1.4857282693095484
abl_sigma_seed3_e13,6EWS,1035,0.29077840908814623,1.8296794101379903,0.8017247398447049,11.141868512110726,8.356401384083044,3.0586888657648283,4.99729448491155,11.141868512110726,8.356401384083044,5.8334031,1.2307143883098142,-0.8976875720962466
abl_sigma_seed3_e13,6EWT,1024,0.26869264138421756,1.9822539222032454,0.7961254733814805,4.724336793540946,11.810841983852365,2.537143833568286,4.768080652740399,4.724336793540946,11.810841983852365,5.94879153,1.3156719483434223,-1.2507651771655548
abl_sigma_seed3_e13,6EWU,1009,0.2824078285191602,2.4105568622827094,0.8048889297825209,10.09,12.9152,3.274680935046708,4.646506732160869,10.09,12.9152,5.8676376999999995,1.21289041218872,-1.0575287726094365
abl_sigma_seed3_e13,HEEH_KT_rd6_0746,806,0.34376743805848875,1.8915913123943966,0.759830350944507,5.54125,11.0825,3.0225000000000004,4.365833333333334,5.54125,11.0825,3.2118105999999997,0.47692975280697586,-0.5885303018580881
abl_sigma_seed3_e13,HEEH_KT_rd6_0793,795,0.10175044085599494,1.6792208869106822,0.43707514368739253,3.1360946745562126,6.272189349112425,1.7964832992020336,3.143845773603559,3.1360946745562126,6.272189349112425,4.51796695,0.8036844039253913,-0.35194442983456686
abl_sigma_seed3_e13,HHH_rd1_0142,803,0.26685948684406813,1.6880260726736795,0.7933354224398405,1.505625,14.554375,2.5651388888888893,5.186041666666667,1.505625,14.554375,4.7986937,1.0714884323822926,-1.1255566287683152
abl_sigma_seed3_e13,HHH_rd1_0244,770,0.2393414897053028,2.6969385580054,0.8324009664805785,5.865650969529085,12.797783933518005,3.551606805293006,4.890737240075615,5.865650969529085,12.797783933518005,5.2868981,1.0146250694228403,-1.0821465789015383
abl_sigma_seed3_e13,r11_1081_TrROS_Hall,897,0.3824727919673908,2.5171885167484582,0.7886059776543981,2.316632231404959,16.216425619834713,2.1480842058364895,4.8456783247939414,2.316632231404959,16.216425619834713,4.65563254,0.7702707389412259,-2.046000314478527
abl_sigma_seed3_e13,r12_757_TrROS_Hall,981,0.47649717868468366,2.8437250840057136,0.7147962766230358,8.988754685547688,7.354435651811745,3.177842565597668,4.176593086214078,8.988754685547688,7.354435651811745,4.2161483,0.6372042032387177,-0.2133683579389772
abl_sigma_seed3_e13,r18_3_TrROS_Hall,989,0.2760689263025962,3.442253787833662,0.814357043873682,1.2357351103706788,12.357351103706788,1.9866691015339668,5.102127465303142,1.2357351103706788,12.357351103706788,5.5146794,0.6644375985041182,-1.5970132736117073
abl_sigma_seed42_e9,1GYZ,1125,0.5724786410430404,2.9020489321184066,0.6952767862918424,1.4349489795918369,10.762117346938776,1.7139668367346936,3.9859693877551012,1.4349489795918369,10.762117346938776,4.0189151999999995,0.7281762796064888,-1.9755675703087507
abl_sigma_seed42_e9,1PSE,1217,0.6483755788863201,2.666255991580638,0.6826004182825778,3.718611111111111,9.1275,1.8002958579881656,4.482369279072576,3.718611111111111,9.1275,4.0530602,0.67378847597833,-0.7923823444224543
abl_sigma_seed42_e9,1QKH,1271,0.27275127776027835,1.7135214752743249,0.5145682759280488,1.9213907785336355,8.326026706979087,1.8660110803324101,3.0982825484764547,1.9213907785336355,8.326026706979087,5.5054612,0.8075788683769668,-1.4101909567445807
abl_sigma_seed42_e9,1QP2,1082,0.4021311951557628,2.2664938755498913,0.5577630209981995,4.081618655692729,8.163237311385458,2.597393689986282,3.669333942996494,4.081618655692729,8.163237311385458,5.8662274,1.1245787749153269,0.4071901200519476
abl_sigma_seed42_e9,1TUC,1043,0.49351376140162295,2.863702798118282,0.7800301858779806,6.943047337278105,11.571745562130175,2.9143655489809333,4.328690006574621,6.943047337278105,11.571745562130175,5.5934835,1.084883705233091,-0.7020659082342081
abl_sigma_seed42_e9,1W4H,801,1.1924450058288432,0.4305009797975763,0.846964829328855,7.509375000000001,13.016250000000001,2.614375,5.1175,7.509375000000001,13.016250000000001,4.29553036,0.7976547381379945,-0.9520094359537546
abl_sigma_seed42_e9,2BTH,800,0.4891456749614956,2.0528217421455968,0.8609968000202359,7.499999999999998,11.499999999999998,2.5555555555555554,5.166666666666667,7.499999999999998,11.499999999999998,4.4037615,0.7355566176507007,-1.0682977534470404
abl_sigma_seed42_e9,2K1B,933,0.8844851889922277,2.3994365385978824,0.8029597029632625,8.818525519848771,9.25945179584121,3.2353915428808033,4.732363749288339,8.818525519848771,9.25945179584121,4.5836005,0.8477585745785166,-0.32628550450017907
abl_sigma_seed42_e9,2K28,919,0.7232167306401737,2.9042906710454934,0.834323539629488,6.807407407407408,11.799506172839507,3.182641589855613,4.8963716767009435,6.807407407407408,11.799506172839507,4.8943686,0.9592636589323447,-0.7621123255926278
abl_sigma_seed42_e9,2K5H,1124,0.4549196470586433,2.8213269149886635,0.8502814881078553,1.7920918367346939,10.035714285714286,2.3894557823129254,5.097505668934241,1.7920918367346939,10.035714285714286,5.978976100000001,1.5841861077486645,-1.6785513512535803
abl_sigma_seed42_e9,2KVS,1206,0.11766766123131779,-0.009596475067684343,0.22499144087179043,1.3399999999999999,5.694999999999999,1.153888888888889,2.5683333333333334,1.3399999999999999,5.694999999999999,4.600000870000001,1.1478004409225167,-0.5569889468851396
abl_sigma_seed42_e9,2KWH,979,0.6731400738720348,1.1423664497709873,0.8106360788505867,8.498263888888891,12.322482638888891,3.1231000187652462,5.14392944267217,8.498263888888891,12.322482638888891,4.8598482,0.7217801576154933,-0.9060777868602583
abl_sigma_seed42_e9,2KXD,1172,0.36987444428170513,0.009628360232548545,0.810176296933937,0.3483947681331748,11.845422116527944,1.6455836734693878,4.936751020408163,0.3483947681331748,11.845422116527944,5.9505997,1.3635069929265637,-0.9993551433722397
abl_sigma_seed42_e9,2L33,1333,0.7243145338906942,2.7184382547883716,0.7953194804080003,1.8360881542699727,11.628558310376494,1.8513421378248023,5.385722582763061,1.8360881542699727,11.628558310376494,5.2412633,0.8142556276013676,-1.6184809431251788
abl_sigma_seed42_e9,2LQK,989,0.5673191281558759,0.3161427158792931,0.6312591582798985,4.942940441482715,4.531028738025823,2.98000365230095,4.424853907962016,4.942940441482715,4.531028738025823,3.6606137999999997,0.6719271024739635,-0.8433113444203382
abl_sigma_seed42_e9,2WXC,786,1.104945018710148,1.0220568880395224,0.8602558233980069,8.268244575936885,12.402366863905327,2.5264080648696035,5.454744685513917,8.268244575936885,12.402366863905327,4.26771233,0.8130079483399579,-0.7885950210285594
abl_sigma_seed42_e9,3DKM,1238,0.3389373640209449,2.5506842930773157,0.6409363505357795,1.9962375705455526,9.31577532921258,2.676756756756757,3.4725493060628194,1.9962375705455526,9.31577532921258,4.59877153,0.9962851193506944,-0.6197440984358406
abl_sigma_seed42_e9,4C26,1159,0.3742734636712799,0.9648861674591971,0.7824290067560336,4.280701754385965,15.69590643274854,1.6651742457148586,4.995522737144576,4.280701754385965,15.69590643274854,5.93274544,1.2812041193791301,-1.4857282693095484
abl_sigma_seed42_e9,6EWS,1035,0.41092115372655746,2.3308866824274186,0.8151373198439937,10.346020761245674,8.75432525951557,3.274089490114464,5.29885535900104,10.346020761245674,8.75432525951557,5.8334031,1.2307143883098142,-0.8976875720962466
abl_sigma_seed42_e9,6EWT,1024,0.36037917775498945,2.795578306888998,0.8076454067890804,4.724336793540946,11.810841983852365,2.537143833568286,4.943056089538212,4.724336793540946,11.810841983852365,5.94879153,1.3156719483434223,-1.2507651771655548
abl_sigma_seed42_e9,6EWU,1009,0.3559428264578095,3.217784558025817,0.8166535519128879,10.09,12.9152,3.4074382702513044,4.8677689575018634,10.09,12.9152,5.8676376999999995,1.21289041218872,-1.0575287726094365
abl_sigma_seed42_e9,HEEH_KT_rd6_0746,806,0.43957190242924166,2.000423891337861,0.7240094152692113,2.015,11.0825,2.7986111111111116,4.309861111111111,2.015,11.0825,3.2118105999999997,0.47692975280697586,-0.5885303018580881
abl_sigma_seed42_e9,HEEH_KT_rd6_0793,795,0.09925485550795443,1.6600208694262084,0.39122960643298244,3.1360946745562126,4.18145956607495,2.021043711602288,2.52630463950286,3.1360946745562126,4.18145956607495,4.51796695,0.8036844039253913,-0.35194442983456686
abl_sigma_seed42_e9,HHH_rd1_0142,803,0.24770441551481134,1.6370581082413018,0.7649782571029843,2.509375,11.04125,2.8997222222222225,5.018750000000001,2.509375,11.04125,4.7986937,1.0714884323822926,-1.1255566287683152
abl_sigma_seed42_e9,HHH_rd1_0244,770,0.2885294811375808,2.7164940082566433,0.834554514629491,4.799168975069252,13.864265927977838,3.493383742911153,4.832514177693763,4.799168975069252,13.864265927977838,5.2868981,1.0146250694228403,-1.0821465789015383
abl_sigma_seed42_e9,r11_1081_TrROS_Hall,897,0.4335278619237284,3.3221697587090615,0.7931141059277131,1.3899793388429753,15.753099173553721,2.1480842058364895,4.745767431499221,1.3899793388429753,15.753099173553721,4.65563254,0.7702707389412259,-2.046000314478527
abl_sigma_seed42_e9,r12_757_TrROS_Hall,981,0.5530080623203169,3.1543562016974427,0.7349804878608278,7.763015410245731,8.988754685547688,3.087047063723449,4.675968346522283,7.763015410245731,8.988754685547688,4.2161483,0.6372042032387177,-0.2133683579389772
abl_sigma_seed42_e9,r18_3_TrROS_Hall,989,0.37422960696296437,4.345006063337904,0.7911811119996016,1.647646813827572,12.357351103706788,1.89636596055515,4.921521183345509,1.647646813827572,12.357351103706788,5.5146794,0.6644375985041182,-1.5970132736117073
abl_sigma_seed4_e14,1GYZ,1125,0.3515722551388022,2.6048970997480283,0.6952305483044151,2.1524234693877555,10.04464285714286,1.7538265306122445,3.906249999999999,2.1524234693877555,10.04464285714286,4.0189151999999995,0.7281762796064888,-1.9755675703087507
abl_sigma_seed4_e14,1PSE,1217,0.4846057986228143,1.4663346699245712,0.7014810982463416,3.718611111111111,9.1275,1.9105180533751962,4.445628547276899,3.718611111111111,9.1275,4.0530602,0.67378847597833,-0.7923823444224543
abl_sigma_seed4_e14,1QKH,1271,0.20006709507492437,1.489380813056498,0.5165588971745916,2.241622574955908,8.005794910556814,1.8308033240997232,3.203905817174516,2.241622574955908,8.005794910556814,5.5054612,0.8075788683769668,-1.4101909567445807
abl_sigma_seed4_e14,1QP2,1082,0.3120394713864504,1.454312067458918,0.5749819939735852,4.081618655692729,8.163237311385458,2.5149367474470354,3.7105624142661173,4.081618655692729,8.163237311385458,5.8662274,1.1245787749153269,0.4071901200519476
abl_sigma_seed4_e14,1TUC,1043,0.406744483909596,2.488433743203263,0.7740461034407939,6.943047337278105,11.95747041420118,2.785790598290598,4.4572649572649565,6.943047337278105,11.95747041420118,5.5934835,1.084883705233091,-0.7020659082342081
abl_sigma_seed4_e14,1W4H,801,0.7839256387482513,0.5311797134340828,0.8426283358987139,6.508125000000001,13.016250000000001,2.614375,5.061875,6.508125000000001,13.016250000000001,4.29553036,0.7976547381379945,-0.9520094359537546
abl_sigma_seed4_e14,2BTH,800,0.36378347121572535,1.7104342283811251,0.84172366863963,4.999999999999999,11.499999999999998,2.611111111111111,4.944444444444445,4.999999999999999,11.499999999999998,4.4037615,0.7355566176507007,-1.0682977534470404
abl_sigma_seed4_e14,2K1B,933,0.6406353068739029,1.3663499216102237,0.822539183101591,9.700378071833649,9.700378071833649,3.380259820920242,4.973810879354071,9.700378071833649,9.700378071833649,4.5836005,0.8477585745785166,-0.32628550450017907
abl_sigma_seed4_e14,2K28,919,0.5519220341570854,1.6534093439468573,0.8442550577428974,6.353580246913581,12.253333333333336,3.2316053066226225,4.700516809632906,6.353580246913581,12.253333333333336,4.8943686,0.9592636589323447,-0.7621123255926278
abl_sigma_seed4_e14,2K5H,1124,0.34473781702834705,1.9033631334763437,0.8565960702789757,2.1505102040816326,11.110969387755102,2.3098072562358283,5.13732993197279,2.1505102040816326,11.110969387755102,5.978976100000001,1.5841861077486645,-1.6785513512535803
abl_sigma_seed4_e14,2KVS,1206,0.08453564620105049,0.2099770444313248,0.2119974393151746,1.3399999999999999,5.0249999999999995,1.2655555555555558,2.345,1.3399999999999999,5.0249999999999995,4.600000870000001,1.1478004409225167,-0.5569889468851396
abl_sigma_seed4_e14,2KWH,979,0.4761347581000088,0.7518150913663803,0.8161549456310951,8.498263888888891,11.897569444444446,3.077172077312816,5.14392944267217,8.498263888888891,11.897569444444446,4.8598482,0.7217801576154933,-0.9060777868602583
abl_sigma_seed4_e14,2KXD,1172,0.2773869476626657,0.7331563575174812,0.8186831797239886,1.0451843043995244,11.497027348394768,1.9900081632653062,5.013289795918367,1.0451843043995244,11.497027348394768,5.9505997,1.3635069929265637,-0.9993551433722397
abl_sigma_seed4_e14,2L33,1333,0.437749885693272,2.3261969802063205,0.7967084248616022,2.1421028466483016,11.628558310376494,1.784020605540264,5.1837579859094465,2.1421028466483016,11.628558310376494,5.2412633,0.8142556276013676,-1.6184809431251788
abl_sigma_seed4_e14,2LQK,989,0.32750257934837007,0.2580755446069837,0.6136025583883774,4.942940441482715,4.942940441482715,3.0703067932797667,4.199096055514975,4.942940441482715,4.942940441482715,3.6606137999999997,0.6719271024739635,-0.8433113444203382
abl_sigma_seed4_e14,2WXC,786,0.7295680711079102,0.9650899031874356,0.8547233597974787,6.717948717948719,11.885601577909272,2.698663160201622,5.397326320403244,6.717948717948719,11.885601577909272,4.26771233,0.8130079483399579,-0.7885950210285594
abl_sigma_seed4_e14,3DKM,1238,0.2384188256606371,1.8107328662168978,0.6416176671175037,1.3308250470303684,9.31577532921258,2.712929145361578,3.4725493060628194,1.3308250470303684,9.31577532921258,4.59877153,0.9962851193506944,-0.6197440984358406
abl_sigma_seed4_e14,4C26,1159,0.282453128481332,0.9343060988723282,0.7827266193409135,4.9941520467836265,14.269005847953217,1.8975241404657692,4.87934778976912,4.9941520467836265,14.269005847953217,5.93274544,1.2812041193791301,-1.4857282693095484
abl_sigma_seed4_e14,6EWS,1035,0.2987540705089631,1.5740373629238695,0.8149743693424013,10.346020761245674,8.75432525951557,3.4894901144641,5.2557752341311135,10.346020761245674,8.75432525951557,5.8334031,1.2307143883098142,-0.8976875720962466
abl_sigma_seed4_e14,6EWT,1024,0.29098317556894215,1.7607899413855173,0.8133793565885618,4.330642060745867,12.598231449442522,2.580887692767739,4.855568371139306,4.330642060745867,12.598231449442522,5.94879153,1.3156719483434223,-1.2507651771655548
abl_sigma_seed4_e14,6EWU,1009,0.2930908763620631,2.1060681870400337,0.8218158194854125,10.8972,12.9152,3.5844480505240996,4.779264067365466,10.8972,12.9152,5.8676376999999995,1.21289041218872,-1.0575287726094365
abl_sigma_seed4_e14,HEEH_KT_rd6_0746,806,0.2915374755757394,1.577732458001984,0.7080747086565333,4.5337499999999995,10.075,2.630694444444445,4.141944444444445,4.5337499999999995,10.075,3.2118105999999997,0.47692975280697586,-0.5885303018580881
abl_sigma_seed4_e14,HEEH_KT_rd6_0793,795,0.07060068006450934,1.4572508492293073,0.3659225214011221,2.090729783037475,5.226824457593688,1.7403431961019702,2.52630463950286,2.090729783037475,5.226824457593688,4.51796695,0.8036844039253913,-0.35194442983456686
abl_sigma_seed4_e14,HHH_rd1_0142,803,0.19854170815695552,1.2752635414421347,0.7617909212152115,2.509375,14.0525,2.8997222222222225,5.130277777777779,2.509375,14.0525,4.7986937,1.0714884323822926,-1.1255566287683152
abl_sigma_seed4_e14,HHH_rd1_0244,770,0.23494220276588637,2.3764440325195033,0.8508066545723905,4.265927977839334,12.797783933518005,3.551606805293006,4.890737240075615,4.265927977839334,12.797783933518005,5.2868981,1.0146250694228403,-1.0821465789015383
abl_sigma_seed4_e14,r11_1081_TrROS_Hall,897,0.3472927237268988,2.2000154140278827,0.789122248312282,1.3899793388429753,17.143078512396695,2.1980396524838497,4.795722878146581,1.3899793388429753,17.143078512396695,4.65563254,0.7702707389412259,-2.046000314478527
abl_sigma_seed4_e14,r12_757_TrROS_Hall,981,0.4242042903037835,2.6223398422013657,0.737783213764708,9.397334443981674,7.763015410245731,3.2232403165347776,4.4035818408996255,9.397334443981674,7.763015410245731,4.2161483,0.6372042032387177,-0.2133683579389772
abl_sigma_seed4_e14,r18_3_TrROS_Hall,989,0.3266806110300882,2.9115170685902996,0.8127821862640824,2.883381924198251,13.181174510620576,1.9415175310445585,5.056975894813734,2.883381924198251,13.181174510620576,5.5146794,0.6644375985041182,-1.5970132736117073
