file,protein,n,pcc,E5top,E5bot,E5max,E15top,E15bot,E15max
abl_anchor_w0.3_s42_e14,1GYZ,1125,0.7289910339845108,0.7174744897959184,10.762117346938776,20.089285714285715,1.7538265306122445,4.145408163265305,6.696428571428571
abl_anchor_w0.3_s42_e14,1PSE,1217,0.679526914252836,3.3805555555555555,9.1275,20.283333333333335,1.9105180533751962,4.372147083685546,6.686813186813187
abl_anchor_w0.3_s42_e14,1QKH,1271,0.5154907733930045,1.9213907785336355,7.365331317712269,20.174603174603174,2.112465373961219,3.2391135734072027,6.689473684210526
abl_anchor_w0.3_s42_e14,1QP2,1082,0.5872359080894474,4.081618655692729,8.53429355281207,20.037037037037038,2.721079103795153,3.7105624142661173,6.679012345679013
abl_anchor_w0.3_s42_e14,1TUC,1043,0.7708133751157591,5.400147928994082,11.571745562130175,20.057692307692307,2.8286489151873764,4.414406640368178,6.685897435897436
abl_anchor_w0.3_s42_e14,1W4H,801,0.8234894928552772,7.008750000000001,13.516875000000002,20.025,2.55875,4.895,6.675
abl_anchor_w0.3_s42_e14,2BTH,800,0.7926706488830506,5.999999999999999,10.999999999999998,20.0,1.9444444444444444,4.722222222222222,6.666666666666667
abl_anchor_w0.3_s42_e14,2K1B,933,0.8045262116707085,9.25945179584121,9.25945179584121,20.282608695652176,3.6217069509859736,5.070389731380363,6.712230215827338
abl_anchor_w0.3_s42_e14,2K28,919,0.8009628526486036,7.261234567901235,9.530370370370372,20.42222222222222,3.035750439554585,4.30880707549683,6.708029197080292
abl_anchor_w0.3_s42_e14,2K5H,1124,0.85034297712845,3.225765306122449,11.46938775510204,20.071428571428573,2.469104308390023,5.057681405895693,6.690476190476191
abl_anchor_w0.3_s42_e14,2KVS,1206,0.49257283589244616,2.01,8.375,20.1,1.7494444444444446,3.8711111111111114,6.7
abl_anchor_w0.3_s42_e14,2KWH,979,0.7833589383600501,9.34809027777778,11.472656250000002,20.395833333333332,3.2149559016701064,4.7765059110527295,6.705479452054795
abl_anchor_w0.3_s42_e14,2KXD,1172,0.7682217407626662,0.6967895362663497,11.148632580261594,20.20689655172414,1.4159673469387755,4.630595918367347,6.6971428571428575
abl_anchor_w0.3_s42_e14,2L33,1333,0.7863993846221805,3.366161616161617,11.934573002754822,20.196969696969695,1.7166990732557257,4.948132622913563,6.698492462311558
abl_anchor_w0.3_s42_e14,2LQK,989,0.6118800098987529,4.531028738025823,6.178675551853394,20.183673469387756,2.8897005113221335,4.560308619430241,6.6824324324324325
abl_anchor_w0.3_s42_e14,2WXC,786,0.8520788780640988,9.818540433925051,11.368836291913217,20.153846153846153,2.698663160201622,5.397326320403244,6.717948717948718
abl_anchor_w0.3_s42_e14,3DKM,1238,0.6417073196085558,1.6635313087879604,9.64848159097017,20.295081967213115,2.4958948137326518,3.581066471877283,6.691891891891892
abl_anchor_w0.3_s42_e14,4C26,1159,0.7844442319027513,4.280701754385965,14.269005847953217,20.333333333333332,2.12987403521668,4.80189782485215,6.699421965317919
abl_anchor_w0.3_s42_e14,6EWS,1035,0.7971168766552373,7.958477508650518,8.75432525951557,20.294117647058822,3.1448491155046825,4.911134235171696,6.67741935483871
abl_anchor_w0.3_s42_e14,6EWT,1024,0.79335336216155,4.330642060745867,12.9919261822376,20.07843137254902,2.537143833568286,4.811824511939852,6.69281045751634
abl_anchor_w0.3_s42_e14,6EWU,1009,0.802636693921975,10.09,12.5116,20.18,3.4074382702513044,4.690759177229069,6.682119205298013
abl_anchor_w0.3_s42_e14,HEEH_KT_rd6_0746,806,0.7369116337376426,2.015,11.58625,20.15,2.630694444444445,4.365833333333334,6.716666666666667
abl_anchor_w0.3_s42_e14,HEEH_KT_rd6_0793,795,0.4120158550017602,3.658777120315581,6.794871794871794,20.384615384615383,2.021043711602288,3.7052468046041946,6.680672268907563
abl_anchor_w0.3_s42_e14,HHH_rd1_0142,803,0.7329857688976519,3.01125,9.535625,20.075,2.732430555555556,4.795694444444445,6.691666666666666
abl_anchor_w0.3_s42_e14,HHH_rd1_0244,770,0.8382506015444645,5.865650969529085,10.664819944598337,20.263157894736842,3.7262759924385636,4.890737240075615,6.695652173913044
abl_anchor_w0.3_s42_e14,r11_1081_TrROS_Hall,897,0.7741365945436884,0.9266528925619836,15.753099173553721,20.386363636363637,2.1480842058364895,4.895633771441301,6.6940298507462686
abl_anchor_w0.3_s42_e14,r12_757_TrROS_Hall,981,0.7111468988306601,9.805914202415659,6.945855893377759,20.020408163265305,3.3594335693461064,4.267388588088297,6.673469387755102
abl_anchor_w0.3_s42_e14,r18_3_TrROS_Hall,989,0.8063439944187466,1.2357351103706788,14.00499791753436,20.183673469387756,1.5803049671292917,5.237582176771367,6.6824324324324325
abl_anchor_w1.0_s42_e14,1GYZ,1125,0.6972838158118868,1.4349489795918369,10.04464285714286,20.089285714285715,1.7538265306122445,4.0258290816326525,6.696428571428571
abl_anchor_w1.0_s42_e14,1PSE,1217,0.6516786315683749,3.0425,8.789444444444445,20.283333333333335,1.9472587851708731,4.335406351889868,6.686813186813187
abl_anchor_w1.0_s42_e14,1QKH,1271,0.5484187957150765,2.8820861678004532,8.64625850340136,20.174603174603174,2.0420498614958453,3.4503601108033246,6.689473684210526
abl_anchor_w1.0_s42_e14,1QP2,1082,0.5571164879179297,3.7105624142661173,8.905349794238681,20.037037037037038,2.597393689986282,3.4631915866483762,6.679012345679013
abl_anchor_w1.0_s42_e14,1TUC,1043,0.7055560252173075,4.62869822485207,11.18602071005917,20.057692307692307,2.400065746219592,4.157256738987508,6.685897435897436
abl_anchor_w1.0_s42_e14,1W4H,801,0.8174950394600781,8.510625000000001,13.016250000000001,20.025,2.8368749999999996,4.950625,6.675
abl_anchor_w1.0_s42_e14,2BTH,800,0.7341396666643855,5.499999999999999,7.499999999999998,20.0,2.2222222222222223,4.444444444444445,6.666666666666667
abl_anchor_w1.0_s42_e14,2K1B,933,0.7870398015756476,7.9366729678638945,10.141304347826088,20.282608695652176,3.2353915428808033,4.684074323275192,6.712230215827338
abl_anchor_w1.0_s42_e14,2K28,919,0.7929100396623445,5.899753086419754,9.530370370370372,20.42222222222222,2.839895572486547,4.259843358729821,6.708029197080292
abl_anchor_w1.0_s42_e14,2K5H,1124,0.8269052172583417,4.301020408163265,10.752551020408164,20.071428571428573,2.508928571428572,4.938208616780046,6.690476190476191
abl_anchor_w1.0_s42_e14,2KVS,1206,0.44565766401204393,0.6699999999999999,6.699999999999999,20.1,1.637777777777778,3.2383333333333337,6.7
abl_anchor_w1.0_s42_e14,2KWH,979,0.7518570870958844,6.7986111111111125,9.773003472222223,20.395833333333332,2.985316194407956,4.730577969600299,6.705479452054795
abl_anchor_w1.0_s42_e14,2KXD,1172,0.7098548831754881,0.6967895362663497,9.40665873959572,20.20689655172414,1.3776979591836735,4.247902040816327,6.6971428571428575
abl_anchor_w1.0_s42_e14,2L33,1333,0.7625306874920842,1.530073461891644,10.40449954086318,20.196969696969695,1.5820560086866493,4.64518572763314,6.698492462311558
abl_anchor_w1.0_s42_e14,2LQK,989,0.6162409680845012,3.7072053311120365,5.354852144939609,20.183673469387756,2.7542457998539085,4.560308619430241,6.6824324324324325
abl_anchor_w1.0_s42_e14,2WXC,786,0.8386399086753247,9.301775147928996,11.368836291913217,20.153846153846153,2.8134998904229676,5.397326320403244,6.717948717948718
abl_anchor_w1.0_s42_e14,3DKM,1238,0.606718040739938,1.3308250470303684,9.64848159097017,20.295081967213115,2.3873776479181883,3.4363769174579986,6.691891891891892
abl_anchor_w1.0_s42_e14,4C26,1159,0.7760959021204931,3.923976608187135,14.269005847953217,20.333333333333332,1.8975241404657692,5.072972702061546,6.699421965317919
abl_anchor_w1.0_s42_e14,6EWS,1035,0.7914027652102213,7.958477508650518,9.948096885813149,20.294117647058822,2.9294484911550467,4.8680541103017685,6.67741935483871
abl_anchor_w1.0_s42_e14,6EWT,1024,0.7670154141782027,5.511726259131104,10.629757785467127,20.07843137254902,2.2309368191721135,4.811824511939852,6.69281045751634
abl_anchor_w1.0_s42_e14,6EWU,1009,0.7699400386359501,9.686399999999999,12.108,20.18,3.3631858251831055,4.646506732160869,6.682119205298013
abl_anchor_w1.0_s42_e14,HEEH_KT_rd6_0746,806,0.6763582768134695,2.015,10.57875,20.15,1.959027777777778,4.309861111111111,6.716666666666667
abl_anchor_w1.0_s42_e14,HEEH_KT_rd6_0793,795,0.43104734151382523,3.1360946745562126,7.317554240631162,20.384615384615383,2.1333239178024153,3.1999858767036224,6.680672268907563
abl_anchor_w1.0_s42_e14,HHH_rd1_0142,803,0.7326061907752616,1.505625,11.543125,20.075,2.676666666666667,4.907222222222223,6.691666666666666
abl_anchor_w1.0_s42_e14,HHH_rd1_0244,770,0.7378856893856173,5.3324099722991685,11.73130193905817,20.263157894736842,3.3187145557655957,4.541398865784499,6.695652173913044
abl_anchor_w1.0_s42_e14,r11_1081_TrROS_Hall,897,0.7430040031999727,1.8533057851239672,15.753099173553721,20.386363636363637,1.7484406326576076,4.945589218088662,6.6940298507462686
abl_anchor_w1.0_s42_e14,r12_757_TrROS_Hall,981,0.6914286756157279,7.354435651811745,6.537276134943773,20.020408163265305,3.0416493127863395,4.131195335276969,6.673469387755102
abl_anchor_w1.0_s42_e14,r18_3_TrROS_Hall,989,0.8130484671406488,1.2357351103706788,11.945439400249896,20.183673469387756,2.0769722425127832,5.418188458729,6.6824324324324325
abl_anchor_w3.0_s42_e13,1GYZ,1125,0.5650932828429793,1.4349489795918369,8.609693877551022,20.089285714285715,1.2755102040816324,3.268494897959183,6.696428571428571
abl_anchor_w3.0_s42_e13,1PSE,1217,0.6557474215124501,2.366388888888889,7.099166666666667,20.283333333333335,1.8370365897838425,4.07822122932013,6.686813186813187
abl_anchor_w3.0_s42_e13,1QKH,1271,0.41059558766549126,3.202317964222726,5.443940539178634,20.174603174603174,2.006842105263158,2.499750692520776,6.689473684210526
abl_anchor_w3.0_s42_e13,1QP2,1082,0.5743256149449096,4.823731138545953,8.163237311385458,20.037037037037038,2.473708276177412,3.504420057918,6.679012345679013
abl_anchor_w3.0_s42_e13,1TUC,1043,0.6559173051218826,4.242973372781064,7.328772189349111,20.057692307692307,2.1429158448389214,3.8572485207100584,6.685897435897436
abl_anchor_w3.0_s42_e13,1W4H,801,0.7970171186481223,6.508125000000001,8.510625000000001,20.025,2.614375,4.8393749999999995,6.675
abl_anchor_w3.0_s42_e13,2BTH,800,0.4643850144385673,2.9999999999999996,6.999999999999998,20.0,1.6111111111111112,3.2222222222222223,6.666666666666667
abl_anchor_w3.0_s42_e13,2K1B,933,0.7844014807975088,5.732041587901702,9.700378071833649,20.282608695652176,2.8007867087624865,4.635784897262046,6.712230215827338
abl_anchor_w3.0_s42_e13,2K28,919,0.7407476011460241,4.084444444444445,8.622716049382717,20.42222222222222,2.2523309712824338,4.0639884916617826,6.708029197080292
abl_anchor_w3.0_s42_e13,2K5H,1124,0.7900385788838726,2.86734693877551,8.243622448979592,20.071428571428573,2.3894557823129254,4.778911564625851,6.690476190476191
abl_anchor_w3.0_s42_e13,2KVS,1206,0.2530680564885006,2.01,6.699999999999999,20.1,1.4516666666666669,2.8661111111111115,6.7
abl_anchor_w3.0_s42_e13,2KWH,979,0.5671962788106177,4.67404513888889,7.223524305555557,20.395833333333332,2.617892662788515,3.4445956089322567,6.705479452054795
abl_anchor_w3.0_s42_e13,2KXD,1172,0.7286085570645089,1.741973840665874,9.058263971462544,20.20689655172414,2.2196244897959185,4.707134693877551,6.6971428571428575
abl_anchor_w3.0_s42_e13,2L33,1333,0.6946626034125982,1.8360881542699727,10.40449954086318,20.196969696969695,1.4474129441175727,4.914471856771294,6.698492462311558
abl_anchor_w3.0_s42_e13,2LQK,989,0.5881195807481424,3.7072053311120365,6.590587255310288,20.183673469387756,2.6187910883856835,4.199096055514975,6.6824324324324325
abl_anchor_w3.0_s42_e13,2WXC,786,0.8056396005636497,9.301775147928996,8.78500986193294,20.153846153846153,2.354152969537585,4.995397764628534,6.717948717948718
abl_anchor_w3.0_s42_e13,3DKM,1238,0.6148218310164114,1.3308250470303684,8.983069067454986,20.295081967213115,2.1341709276844414,3.4002045288531777,6.691891891891892
abl_anchor_w3.0_s42_e13,4C26,1159,0.6551499353253261,3.5672514619883042,14.625730994152049,20.333333333333332,1.858799158007284,4.25974807043336,6.699421965317919
abl_anchor_w3.0_s42_e13,6EWS,1035,0.7672420426271298,7.162629757785466,9.152249134948097,20.294117647058822,2.8432882414151925,4.738813735691988,6.67741935483871
abl_anchor_w3.0_s42_e13,6EWT,1024,0.740177025124429,4.330642060745867,9.448673587081892,20.07843137254902,2.0997052415737536,4.549361356743133,6.69281045751634
abl_anchor_w3.0_s42_e13,6EWU,1009,0.7691067153746135,9.2828,10.4936,20.18,3.2304284899785096,4.513749396956274,6.682119205298013
abl_anchor_w3.0_s42_e13,HEEH_KT_rd6_0746,806,0.6329225658141381,3.0225,10.57875,20.15,2.3508333333333336,3.918055555555556,6.716666666666667
abl_anchor_w3.0_s42_e13,HEEH_KT_rd6_0793,795,0.3910760607787253,2.090729783037475,6.794871794871794,20.384615384615383,2.0771838147023516,3.143845773603559,6.680672268907563
abl_anchor_w3.0_s42_e13,HHH_rd1_0142,803,0.727007375146453,3.01125,13.04875,20.075,2.5651388888888893,4.795694444444445,6.691666666666666
abl_anchor_w3.0_s42_e13,HHH_rd1_0244,770,0.6773544315977257,4.265927977839334,9.065096952908586,20.263157894736842,2.9693761814744803,4.250283553875237,6.695652173913044
abl_anchor_w3.0_s42_e13,r11_1081_TrROS_Hall,897,0.5516475605486789,1.3899793388429753,12.046487603305787,20.386363636363637,1.598574292715527,4.146302071730898,6.6940298507462686
abl_anchor_w3.0_s42_e13,r12_757_TrROS_Hall,981,0.7099120997942482,6.945855893377759,6.945855893377759,20.020408163265305,3.087047063723449,3.7226155768429825,6.673469387755102
abl_anchor_w3.0_s42_e13,r18_3_TrROS_Hall,989,0.7191855492452401,1.647646813827572,7.414410662224073,20.183673469387756,2.1221238130021916,4.244247626004383,6.6824324324324325
abl_calib_ctrl_repro2_e14,1GYZ,1125,0.7032675114571979,2.511160714285715,10.04464285714286,20.089285714285715,1.8734056122448977,3.9461096938775504,6.696428571428571
abl_calib_ctrl_repro2_e14,1PSE,1217,0.6999369341060137,4.056666666666667,9.1275,20.283333333333335,1.9105180533751962,4.408887815481222,6.686813186813187
abl_calib_ctrl_repro2_e14,1QKH,1271,0.5140351550098202,2.8820861678004532,8.326026706979087,20.174603174603174,2.253296398891967,2.992659279778394,6.689473684210526
abl_calib_ctrl_repro2_e14,1QP2,1082,0.57534611480794,4.081618655692729,7.792181069958847,20.037037037037038,2.473708276177412,3.7105624142661173,6.679012345679013
abl_calib_ctrl_repro2_e14,1TUC,1043,0.7739195041612809,6.943047337278105,11.18602071005917,20.057692307692307,2.785790598290598,4.585839907955291,6.685897435897436
abl_calib_ctrl_repro2_e14,1W4H,801,0.8406602388426874,7.008750000000001,13.016250000000001,20.025,2.2806249999999997,5.00625,6.675
abl_calib_ctrl_repro2_e14,2BTH,800,0.8600815512982463,5.999999999999999,11.499999999999998,20.0,2.611111111111111,5.055555555555555,6.666666666666667
abl_calib_ctrl_repro2_e14,2K1B,933,0.8112682246196793,8.818525519848771,9.700378071833649,20.282608695652176,3.476838672946535,4.684074323275192,6.712230215827338
abl_calib_ctrl_repro2_e14,2K28,919,0.842559372006706,6.807407407407408,12.253333333333336,20.42222222222222,3.1336778730886037,4.651553092865896,6.708029197080292
abl_calib_ctrl_repro2_e14,2K5H,1124,0.8613265166931863,3.9426020408163267,10.035714285714286,20.071428571428573,2.4292800453514745,4.978032879818595,6.690476190476191
abl_calib_ctrl_repro2_e14,2KVS,1206,0.16136774542928567,1.6749999999999998,4.02,20.1,1.2283333333333335,1.9355555555555557,6.7
abl_calib_ctrl_repro2_e14,2KWH,979,0.8059516901316992,7.223524305555557,11.472656250000002,20.395833333333332,3.1231000187652462,5.006145618314879,6.705479452054795
abl_calib_ctrl_repro2_e14,2KXD,1172,0.8155149528146861,1.0451843043995244,11.845422116527944,20.20689655172414,1.9134693877551021,4.860212244897959,6.6971428571428575
abl_calib_ctrl_repro2_e14,2L33,1333,0.79278687153039,2.4481175390266303,11.322543617998166,20.196969696969695,1.8850029039670715,5.1837579859094465,6.698492462311558
abl_calib_ctrl_repro2_e14,2LQK,989,0.6231574253729174,4.942940441482715,5.354852144939609,20.183673469387756,2.8897005113221335,4.379702337472608,6.6824324324324325
abl_calib_ctrl_repro2_e14,2WXC,786,0.857557419863621,8.78500986193294,11.368836291913217,20.153846153846153,2.7560815253122946,5.397326320403244,6.717948717948718
abl_calib_ctrl_repro2_e14,3DKM,1238,0.6508754316230749,2.994356355818329,9.31577532921258,20.295081967213115,2.7491015339663987,3.4363769174579986,6.691891891891892
abl_calib_ctrl_repro2_e14,4C26,1159,0.7829127199244231,3.923976608187135,14.625730994152049,20.333333333333332,1.820074175548799,5.034247719603061,6.699421965317919
abl_calib_ctrl_repro2_e14,6EWS,1035,0.8119245881012578,9.152249134948097,7.958477508650518,20.294117647058822,3.2310093652445366,5.169614984391259,6.67741935483871
abl_calib_ctrl_repro2_e14,6EWT,1024,0.8091395685111091,5.118031526336025,11.810841983852365,20.07843137254902,2.4496561151693794,4.811824511939852,6.69281045751634
abl_calib_ctrl_repro2_e14,6EWU,1009,0.8233270617653617,10.8972,13.7224,20.18,3.495943160387702,4.779264067365466,6.682119205298013
abl_calib_ctrl_repro2_e14,HEEH_KT_rd6_0746,806,0.7644132491064848,4.5337499999999995,10.57875,20.15,3.0225000000000004,4.421805555555556,6.716666666666667
abl_calib_ctrl_repro2_e14,HEEH_KT_rd6_0793,795,0.32291605192563055,3.1360946745562126,3.658777120315581,20.384615384615383,1.8526234023020973,2.1894640209024785,6.680672268907563
abl_calib_ctrl_repro2_e14,HHH_rd1_0142,803,0.7880463215439685,3.513125,13.550625,20.075,2.9554861111111115,5.07451388888889,6.691666666666666
abl_calib_ctrl_repro2_e14,HHH_rd1_0244,770,0.826846586591666,3.732686980609418,13.33102493074792,20.263157894736842,3.4351606805293007,4.774291115311909,6.695652173913044
abl_calib_ctrl_repro2_e14,r11_1081_TrROS_Hall,897,0.7979516966164779,2.7799586776859506,16.216425619834713,20.386363636363637,2.4478168857206506,4.795722878146581,6.6940298507462686
abl_calib_ctrl_repro2_e14,r12_757_TrROS_Hall,981,0.7460856670590881,9.805914202415659,7.763015410245731,20.020408163265305,3.2232403165347776,4.4035818408996255,6.673469387755102
abl_calib_ctrl_repro2_e14,r18_3_TrROS_Hall,989,0.8043264478729388,1.2357351103706788,13.593086214077468,20.183673469387756,1.8512143900657416,5.192430606281959,6.6824324324324325
abl_p3_slope3.0_s42_e8,1GYZ,1125,0.6848122014253089,1.0762117346938778,10.04464285714286,20.089285714285715,1.4748086734693875,3.9461096938775504,6.696428571428571
abl_p3_slope3.0_s42_e8,1PSE,1217,0.6704944489205088,3.3805555555555555,9.465555555555556,20.283333333333335,1.9472587851708731,4.445628547276899,6.686813186813187
abl_p3_slope3.0_s42_e8,1QKH,1271,0.504825330227979,1.2809271856890903,8.326026706979087,20.174603174603174,1.8660110803324101,3.0982825484764547,6.689473684210526
abl_p3_slope3.0_s42_e8,1QP2,1082,0.5451066953387242,4.452674897119341,8.163237311385458,20.037037037037038,2.5149367474470354,3.7105624142661173,6.679012345679013
abl_p3_slope3.0_s42_e8,1TUC,1043,0.7599766156699408,5.785872781065088,11.571745562130175,20.057692307692307,2.700073964497041,4.157256738987508,6.685897435897436
abl_p3_slope3.0_s42_e8,1W4H,801,0.8198794360454008,7.509375000000001,13.516875000000002,20.025,2.4475,4.950625,6.675
abl_p3_slope3.0_s42_e8,2BTH,800,0.8036047592742804,6.999999999999998,8.999999999999998,20.0,2.888888888888889,4.611111111111111,6.666666666666667
abl_p3_slope3.0_s42_e8,2K1B,933,0.7961859891614314,8.818525519848771,8.818525519848771,20.282608695652176,3.4285492469333883,4.732363749288339,6.712230215827338
abl_p3_slope3.0_s42_e8,2K28,919,0.8082606392342836,5.899753086419754,10.891851851851854,20.42222222222222,2.7909318557195375,4.5046619425648675,6.708029197080292
abl_p3_slope3.0_s42_e8,2K5H,1124,0.8287039273069062,2.86734693877551,7.885204081632653,20.071428571428573,2.3894557823129254,5.017857142857144,6.690476190476191
abl_p3_slope3.0_s42_e8,2KVS,1206,0.2112827599940336,2.01,5.359999999999999,20.1,1.34,2.2705555555555557,6.7
abl_p3_slope3.0_s42_e8,2KWH,979,0.7955536213512296,8.498263888888891,11.472656250000002,20.395833333333332,3.3986676674798266,4.914289735410019,6.705479452054795
abl_p3_slope3.0_s42_e8,2KXD,1172,0.817031671300536,2.0903686087990487,11.845422116527944,20.20689655172414,1.6838530612244897,4.975020408163266,6.6971428571428575
abl_p3_slope3.0_s42_e8,2L33,1333,0.8145434826910506,3.6721763085399455,13.158631772268137,20.196969696969695,2.2216105653897626,5.453044115047599,6.698492462311558
abl_p3_slope3.0_s42_e8,2LQK,989,0.6193631094145662,4.11911703456893,3.7072053311120365,20.183673469387756,3.115458363769175,4.06364134404675,6.6824324324324325
abl_p3_slope3.0_s42_e8,2WXC,786,0.8388286408639534,7.751479289940829,10.85207100591716,20.153846153846153,2.5838264299802765,5.397326320403244,6.717948717948718
abl_p3_slope3.0_s42_e8,3DKM,1238,0.63390741243969,2.994356355818329,9.31577532921258,20.295081967213115,3.002308254200146,3.4002045288531777,6.691891891891892
abl_p3_slope3.0_s42_e8,4C26,1159,0.7658926172491474,3.923976608187135,13.912280701754387,20.333333333333332,1.820074175548799,4.685722877476695,6.699421965317919
abl_p3_slope3.0_s42_e8,6EWS,1035,0.8074057007468677,10.346020761245674,8.75432525951557,20.294117647058822,3.274089490114464,5.2557752341311135,6.67741935483871
abl_p3_slope3.0_s42_e8,6EWT,1024,0.804179087568641,4.724336793540946,12.9919261822376,20.07843137254902,2.4933999743688324,4.855568371139306,6.69281045751634
abl_p3_slope3.0_s42_e8,6EWU,1009,0.8064782637932241,10.09,13.3188,20.18,3.4516907153195033,4.602254287092671,6.682119205298013
abl_p3_slope3.0_s42_e8,HEEH_KT_rd6_0746,806,0.5891912264361059,4.03,9.57125,20.15,2.4068055555555556,3.358333333333334,6.716666666666667
abl_p3_slope3.0_s42_e8,HEEH_KT_rd6_0793,795,0.4391742686500058,2.090729783037475,6.272189349112425,20.384615384615383,1.6842030930019065,3.256125979803686,6.680672268907563
abl_p3_slope3.0_s42_e8,HHH_rd1_0142,803,0.8031568968016606,2.509375,13.04875,20.075,2.676666666666667,5.018750000000001,6.691666666666666
abl_p3_slope3.0_s42_e8,HHH_rd1_0244,770,0.7952190141560023,5.3324099722991685,11.73130193905817,20.263157894736842,3.0858223062381853,4.832514177693763,6.695652173913044
abl_p3_slope3.0_s42_e8,r11_1081_TrROS_Hall,897,0.7932252555165161,2.316632231404959,15.289772727272728,20.386363636363637,2.1980396524838497,4.6958119848518605,6.6940298507462686
abl_p3_slope3.0_s42_e8,r12_757_TrROS_Hall,981,0.7619044104415704,8.988754685547688,8.171595168679717,20.020408163265305,3.177842565597668,4.766763848396502,6.673469387755102
abl_p3_slope3.0_s42_e8,r18_3_TrROS_Hall,989,0.766277598741422,0.823823406913786,14.00499791753436,20.183673469387756,1.760911249086925,4.831218042366692,6.6824324324324325
abl_sigma_seed1_e13,1GYZ,1125,0.6906400372778561,2.1524234693877555,9.6859056122449,20.089285714285715,1.7936862244897955,4.0258290816326525,6.696428571428571
abl_sigma_seed1_e13,1PSE,1217,0.6969073736657326,4.056666666666667,8.789444444444445,20.283333333333335,1.9472587851708731,4.335406351889868,6.686813186813187
abl_sigma_seed1_e13,1QKH,1271,0.5495203821853482,2.5618543713781805,8.64625850340136,20.174603174603174,1.7955955678670363,3.4151523545706377,6.689473684210526
abl_sigma_seed1_e13,1QP2,1082,0.5722928254314962,4.081618655692729,8.53429355281207,20.037037037037038,2.4324798049077883,3.7930193568053645,6.679012345679013
abl_sigma_seed1_e13,1TUC,1043,0.7630534043489638,6.171597633136093,11.18602071005917,20.057692307692307,2.871507232084155,4.585839907955291,6.685897435897436
abl_sigma_seed1_e13,1W4H,801,0.8324748184511495,6.0075,12.515625000000002,20.025,2.503125,5.061875,6.675
abl_sigma_seed1_e13,2BTH,800,0.8443210160450653,5.999999999999999,12.499999999999996,20.0,2.7222222222222223,5.0,6.666666666666667
abl_sigma_seed1_e13,2K1B,933,0.8083474144328214,8.377599243856332,9.700378071833649,20.282608695652176,3.4285492469333883,4.732363749288339,6.712230215827338
abl_sigma_seed1_e13,2K28,919,0.8346289989036814,7.261234567901235,10.891851851851854,20.42222222222222,3.1336778730886037,4.700516809632906,6.708029197080292
abl_sigma_seed1_e13,2K5H,1124,0.8627830628245899,2.1505102040816326,10.752551020408164,20.071428571428573,2.1903344671201816,5.13732993197279,6.690476190476191
abl_sigma_seed1_e13,2KVS,1206,0.12252712737535768,1.005,4.02,20.1,1.34,1.8238888888888891,6.7
abl_sigma_seed1_e13,2KWH,979,0.8092516182708831,8.498263888888891,12.747395833333336,20.395833333333332,3.077172077312816,4.822433852505159,6.705479452054795
abl_sigma_seed1_e13,2KXD,1172,0.7905734906804541,2.0903686087990487,11.148632580261594,20.20689655172414,1.798661224489796,4.745404081632653,6.6971428571428575
abl_sigma_seed1_e13,2L33,1333,0.7856040122337948,3.6721763085399455,10.40449954086318,20.196969696969695,1.8850029039670715,5.082775687482639,6.698492462311558
abl_sigma_seed1_e13,2LQK,989,0.6180802148110035,6.178675551853394,4.942940441482715,20.183673469387756,2.799397370343317,4.379702337472608,6.6824324324324325
abl_sigma_seed1_e13,2WXC,786,0.8429443480712359,8.268244575936885,10.85207100591716,20.153846153846153,2.8709182555336406,5.282489590181898,6.717948717948718
abl_sigma_seed1_e13,3DKM,1238,0.6257399174383266,1.6635313087879604,9.31577532921258,20.295081967213115,2.5320672023374726,3.3640321402483564,6.691891891891892
abl_sigma_seed1_e13,4C26,1159,0.7897176499063135,3.923976608187135,15.339181286549708,20.333333333333332,1.781349193090314,5.072972702061546,6.699421965317919
abl_sigma_seed1_e13,6EWS,1035,0.804961597716734,6.366782006920415,7.958477508650518,20.294117647058822,3.1448491155046825,5.126534859521332,6.67741935483871
abl_sigma_seed1_e13,6EWT,1024,0.7914456355191618,4.330642060745867,11.023452518262207,20.07843137254902,2.2746806783715665,4.943056089538212,6.69281045751634
abl_sigma_seed1_e13,6EWU,1009,0.8157134451260741,8.879199999999999,12.5116,20.18,3.4516907153195033,4.8677689575018634,6.682119205298013
abl_sigma_seed1_e13,HEEH_KT_rd6_0746,806,0.7266653939141436,5.54125,10.075,20.15,2.686666666666667,4.2538888888888895,6.716666666666667
abl_sigma_seed1_e13,HEEH_KT_rd6_0793,795,0.4001881183419778,3.658777120315581,5.226824457593688,20.384615384615383,1.7964832992020336,2.8070051550031776,6.680672268907563
abl_sigma_seed1_e13,HHH_rd1_0142,803,0.7283641460949947,2.0075,10.0375,20.075,2.3420833333333335,5.07451388888889,6.691666666666666
abl_sigma_seed1_e13,HHH_rd1_0244,770,0.8400088635391627,6.3988919667590025,11.73130193905817,20.263157894736842,3.4351606805293007,4.9489603024574675,6.695652173913044
abl_sigma_seed1_e13,r11_1081_TrROS_Hall,897,0.7606894008758509,2.316632231404959,15.753099173553721,20.386363636363637,1.9482624192470486,4.795722878146581,6.6940298507462686
abl_sigma_seed1_e13,r12_757_TrROS_Hall,981,0.7396888195201073,8.171595168679717,7.763015410245731,20.020408163265305,3.087047063723449,4.494377342773845,6.673469387755102
abl_sigma_seed1_e13,r18_3_TrROS_Hall,989,0.7919598866232687,2.4714702207413577,12.769262807163681,20.183673469387756,1.9866691015339668,4.966672753834917,6.6824324324324325
abl_sigma_seed2_e10,1GYZ,1125,0.7135255752291134,1.7936862244897962,10.04464285714286,20.089285714285715,1.7139668367346936,4.065688775510203,6.696428571428571
abl_sigma_seed2_e10,1PSE,1217,0.6884971184770459,4.056666666666667,9.1275,20.283333333333335,1.9472587851708731,4.335406351889868,6.686813186813187
abl_sigma_seed2_e10,1QKH,1271,0.5637927650413643,3.202317964222726,8.326026706979087,20.174603174603174,1.9716343490304713,3.4855678670360115,6.689473684210526
abl_sigma_seed2_e10,1QP2,1082,0.5638571115706222,4.452674897119341,8.163237311385458,20.037037037037038,2.4324798049077883,3.7105624142661173,6.679012345679013
abl_sigma_seed2_e10,1TUC,1043,0.7690400699606744,6.943047337278105,11.18602071005917,20.057692307692307,2.785790598290598,4.285831689677843,6.685897435897436
abl_sigma_seed2_e10,1W4H,801,0.8342004024193743,7.008750000000001,13.016250000000001,20.025,2.4475,5.22875,6.675
abl_sigma_seed2_e10,2BTH,800,0.838246347650069,4.499999999999999,12.499999999999996,20.0,2.5,5.0,6.666666666666667
abl_sigma_seed2_e10,2K1B,933,0.8196710699062585,8.818525519848771,10.141304347826088,20.282608695652176,3.525128098959681,4.925521453340925,6.712230215827338
abl_sigma_seed2_e10,2K28,919,0.8390128686508376,7.261234567901235,12.253333333333336,20.42222222222222,3.3784964569236506,4.798444243166925,6.708029197080292
abl_sigma_seed2_e10,2K5H,1124,0.8583621873708017,3.225765306122449,10.394132653061225,20.071428571428573,2.3098072562358283,5.216978458049888,6.690476190476191
abl_sigma_seed2_e10,2KVS,1206,0.509713100003965,2.3449999999999998,7.704999999999999,20.1,1.5261111111111112,3.6477777777777782,6.7
abl_sigma_seed2_e10,2KWH,979,0.7974521131915304,8.073350694444446,12.747395833333336,20.395833333333332,3.2149559016701064,4.914289735410019,6.705479452054795
abl_sigma_seed2_e10,2KXD,1172,0.8142796485663178,2.0903686087990487,11.845422116527944,20.20689655172414,2.1048163265306123,5.089828571428572,6.6971428571428575
abl_sigma_seed2_e10,2L33,1333,0.8093952360928212,1.8360881542699727,12.240587695133152,20.196969696969695,1.817681371682533,5.318401050478523,6.698492462311558
abl_sigma_seed2_e10,2LQK,989,0.6345652696618275,4.942940441482715,5.354852144939609,20.183673469387756,3.0251552227903584,4.515157048940833,6.6824324324324325
abl_sigma_seed2_e10,2WXC,786,0.8448068948300885,8.78500986193294,11.368836291913217,20.153846153846153,2.698663160201622,5.3399079552925715,6.717948717948718
abl_sigma_seed2_e10,3DKM,1238,0.6392717543017354,2.328943832303145,9.31577532921258,20.295081967213115,2.857618699780862,3.4725493060628194,6.691891891891892
abl_sigma_seed2_e10,4C26,1159,0.7877248263970258,4.280701754385965,15.339181286549708,20.333333333333332,1.781349193090314,4.995522737144576,6.699421965317919
abl_sigma_seed2_e10,6EWS,1035,0.8148272872000528,8.356401384083044,9.152249134948097,20.294117647058822,3.1879292403746096,5.2557752341311135,6.67741935483871
abl_sigma_seed2_e10,6EWT,1024,0.8074665643986539,4.724336793540946,12.9919261822376,20.07843137254902,2.405912255969926,4.855568371139306,6.69281045751634
abl_sigma_seed2_e10,6EWU,1009,0.8205473085221421,9.686399999999999,13.7224,20.18,3.4516907153195033,4.735011622297267,6.682119205298013
abl_sigma_seed2_e10,HEEH_KT_rd6_0746,806,0.718706604602265,3.5262499999999997,10.57875,20.15,2.910555555555556,4.309861111111111,6.716666666666667
abl_sigma_seed2_e10,HEEH_KT_rd6_0793,795,0.3373795248124466,2.613412228796844,6.272189349112425,20.384615384615383,1.7964832992020336,2.4701645364027964,6.680672268907563
abl_sigma_seed2_e10,HHH_rd1_0142,803,0.7904502001759403,2.509375,14.0525,20.075,2.732430555555556,5.07451388888889,6.691666666666666
abl_sigma_seed2_e10,HHH_rd1_0244,770,0.8382024817141256,6.3988919667590025,13.33102493074792,20.263157894736842,3.668052930056711,4.9489603024574675,6.695652173913044
abl_sigma_seed2_e10,r11_1081_TrROS_Hall,897,0.7879147315248685,0.9266528925619836,16.679752066115704,20.386363636363637,2.1480842058364895,4.6958119848518605,6.6940298507462686
abl_sigma_seed2_e10,r12_757_TrROS_Hall,981,0.7300771469331047,9.397334443981674,8.171595168679717,20.020408163265305,3.087047063723449,4.539775093710954,6.673469387755102
abl_sigma_seed2_e10,r18_3_TrROS_Hall,989,0.8095826458225035,2.883381924198251,14.00499791753436,20.183673469387756,1.89636596055515,5.14727903579255,6.6824324324324325
abl_sigma_seed3_e13,1GYZ,1125,0.7135851632472918,1.0762117346938778,11.479591836734695,20.089285714285715,1.5545280612244896,3.9859693877551012,6.696428571428571
abl_sigma_seed3_e13,1PSE,1217,0.7137722857869082,4.394722222222223,9.1275,20.283333333333335,1.9472587851708731,4.445628547276899,6.686813186813187
abl_sigma_seed3_e13,1QKH,1271,0.5298323784164967,3.202317964222726,8.64625850340136,20.174603174603174,2.0420498614958453,3.2743213296398896,6.689473684210526
abl_sigma_seed3_e13,1QP2,1082,0.5873093337133166,4.081618655692729,7.792181069958847,20.037037037037038,2.3912513336381647,3.751790885535741,6.679012345679013
abl_sigma_seed3_e13,1TUC,1043,0.783589443891524,5.014423076923076,11.95747041420118,20.057692307692307,2.8286489151873764,4.4572649572649565,6.685897435897436
abl_sigma_seed3_e13,1W4H,801,0.8363979428954673,7.509375000000001,12.515625000000002,20.025,2.55875,5.00625,6.675
abl_sigma_seed3_e13,2BTH,800,0.8515837926211764,6.499999999999998,12.999999999999996,20.0,2.8333333333333335,4.888888888888889,6.666666666666667
abl_sigma_seed3_e13,2K1B,933,0.804057752999564,8.818525519848771,9.700378071833649,20.282608695652176,3.525128098959681,4.732363749288339,6.712230215827338
abl_sigma_seed3_e13,2K28,919,0.8318061719693061,7.715061728395063,12.253333333333336,20.42222222222222,3.2316053066226225,4.798444243166925,6.708029197080292
abl_sigma_seed3_e13,2K5H,1124,0.853832977218743,3.225765306122449,10.752551020408164,20.071428571428573,2.5487528344671206,5.097505668934241,6.690476190476191
abl_sigma_seed3_e13,2KVS,1206,0.15910952265918965,1.3399999999999999,2.6799999999999997,20.1,1.4144444444444446,1.6005555555555557,6.7
abl_sigma_seed3_e13,2KWH,979,0.7682282914061136,8.498263888888891,9.773003472222223,20.395833333333332,3.1690279602176763,4.500938262338149,6.705479452054795
abl_sigma_seed3_e13,2KXD,1172,0.8167379312707889,1.0451843043995244,11.845422116527944,20.20689655172414,1.951738775510204,4.936751020408163,6.6971428571428575
abl_sigma_seed3_e13,2L33,1333,0.8171907742768488,2.754132231404959,12.852617079889809,20.196969696969695,1.7166990732557257,5.352061816620792,6.698492462311558
abl_sigma_seed3_e13,2LQK,989,0.6291747618085115,4.11911703456893,4.942940441482715,20.183673469387756,2.8897005113221335,4.289399196493791,6.6824324324324325
abl_sigma_seed3_e13,2WXC,786,0.8589375017350721,9.818540433925051,11.368836291913217,20.153846153846153,2.7560815253122946,5.282489590181898,6.717948717948718
abl_sigma_seed3_e13,3DKM,1238,0.6481932234648443,2.994356355818329,9.31577532921258,20.295081967213115,2.712929145361578,3.5087216946676407,6.691891891891892
abl_sigma_seed3_e13,4C26,1159,0.7844674195843073,3.923976608187135,14.982456140350878,20.333333333333332,1.8975241404657692,4.80189782485215,6.699421965317919
abl_sigma_seed3_e13,6EWS,1035,0.8017247398447049,11.141868512110726,8.356401384083044,20.294117647058822,3.0586888657648283,4.99729448491155,6.67741935483871
abl_sigma_seed3_e13,6EWT,1024,0.7961254733814805,4.724336793540946,11.810841983852365,20.07843137254902,2.537143833568286,4.768080652740399,6.69281045751634
abl_sigma_seed3_e13,6EWU,1009,0.8048889297825209,10.09,12.9152,20.18,3.274680935046708,4.646506732160869,6.682119205298013
abl_sigma_seed3_e13,HEEH_KT_rd6_0746,806,0.759830350944507,5.54125,11.0825,20.15,3.0225000000000004,4.365833333333334,6.716666666666667
abl_sigma_seed3_e13,HEEH_KT_rd6_0793,795,0.43707514368739253,3.1360946745562126,6.272189349112425,20.384615384615383,1.7964832992020336,3.143845773603559,6.680672268907563
abl_sigma_seed3_e13,HHH_rd1_0142,803,0.7933354224398405,1.505625,14.554375,20.075,2.5651388888888893,5.186041666666667,6.691666666666666
abl_sigma_seed3_e13,HHH_rd1_0244,770,0.8324009664805785,5.865650969529085,12.797783933518005,20.263157894736842,3.551606805293006,4.890737240075615,6.695652173913044
abl_sigma_seed3_e13,r11_1081_TrROS_Hall,897,0.7886059776543981,2.316632231404959,16.216425619834713,20.386363636363637,2.1480842058364895,4.8456783247939414,6.6940298507462686
abl_sigma_seed3_e13,r12_757_TrROS_Hall,981,0.7147962766230358,8.988754685547688,7.354435651811745,20.020408163265305,3.177842565597668,4.176593086214078,6.673469387755102
abl_sigma_seed3_e13,r18_3_TrROS_Hall,989,0.814357043873682,1.2357351103706788,12.357351103706788,20.183673469387756,1.9866691015339668,5.102127465303142,6.6824324324324325
abl_sigma_seed42_e9,1GYZ,1125,0.6952767862918424,1.4349489795918369,10.762117346938776,20.089285714285715,1.7139668367346936,3.9859693877551012,6.696428571428571
abl_sigma_seed42_e9,1PSE,1217,0.6826004182825778,3.718611111111111,9.1275,20.283333333333335,1.8002958579881656,4.482369279072576,6.686813186813187
abl_sigma_seed42_e9,1QKH,1271,0.5145682759280488,1.9213907785336355,8.326026706979087,20.174603174603174,1.8660110803324101,3.0982825484764547,6.689473684210526
abl_sigma_seed42_e9,1QP2,1082,0.5577630209981995,4.081618655692729,8.163237311385458,20.037037037037038,2.597393689986282,3.669333942996494,6.679012345679013
abl_sigma_seed42_e9,1TUC,1043,0.7800301858779806,6.943047337278105,11.571745562130175,20.057692307692307,2.9143655489809333,4.328690006574621,6.685897435897436
abl_sigma_seed42_e9,1W4H,801,0.846964829328855,7.509375000000001,13.016250000000001,20.025,2.614375,5.1175,6.675
abl_sigma_seed42_e9,2BTH,800,0.8609968000202359,7.499999999999998,11.499999999999998,20.0,2.5555555555555554,5.166666666666667,6.666666666666667
abl_sigma_seed42_e9,2K1B,933,0.8029597029632625,8.818525519848771,9.25945179584121,20.282608695652176,3.2353915428808033,4.732363749288339,6.712230215827338
abl_sigma_seed42_e9,2K28,919,0.834323539629488,6.807407407407408,11.799506172839507,20.42222222222222,3.182641589855613,4.8963716767009435,6.708029197080292
abl_sigma_seed42_e9,2K5H,1124,0.8502814881078553,1.7920918367346939,10.035714285714286,20.071428571428573,2.3894557823129254,5.097505668934241,6.690476190476191
abl_sigma_seed42_e9,2KVS,1206,0.22499144087179043,1.3399999999999999,5.694999999999999,20.1,1.153888888888889,2.5683333333333334,6.7
abl_sigma_seed42_e9,2KWH,979,0.8106360788505867,8.498263888888891,12.322482638888891,20.395833333333332,3.1231000187652462,5.14392944267217,6.705479452054795
abl_sigma_seed42_e9,2KXD,1172,0.810176296933937,0.3483947681331748,11.845422116527944,20.20689655172414,1.6455836734693878,4.936751020408163,6.6971428571428575
abl_sigma_seed42_e9,2L33,1333,0.7953194804080003,1.8360881542699727,11.628558310376494,20.196969696969695,1.8513421378248023,5.385722582763061,6.698492462311558
abl_sigma_seed42_e9,2LQK,989,0.6312591582798985,4.942940441482715,4.531028738025823,20.183673469387756,2.98000365230095,4.424853907962016,6.6824324324324325
abl_sigma_seed42_e9,2WXC,786,0.8602558233980069,8.268244575936885,12.402366863905327,20.153846153846153,2.5264080648696035,5.454744685513917,6.717948717948718
abl_sigma_seed42_e9,3DKM,1238,0.6409363505357795,1.9962375705455526,9.31577532921258,20.295081967213115,2.676756756756757,3.4725493060628194,6.691891891891892
abl_sigma_seed42_e9,4C26,1159,0.7824290067560336,4.280701754385965,15.69590643274854,20.333333333333332,1.6651742457148586,4.995522737144576,6.699421965317919
abl_sigma_seed42_e9,6EWS,1035,0.8151373198439937,10.346020761245674,8.75432525951557,20.294117647058822,3.274089490114464,5.29885535900104,6.67741935483871
abl_sigma_seed42_e9,6EWT,1024,0.8076454067890804,4.724336793540946,11.810841983852365,20.07843137254902,2.537143833568286,4.943056089538212,6.69281045751634
abl_sigma_seed42_e9,6EWU,1009,0.8166535519128879,10.09,12.9152,20.18,3.4074382702513044,4.8677689575018634,6.682119205298013
abl_sigma_seed42_e9,HEEH_KT_rd6_0746,806,0.7240094152692113,2.015,11.0825,20.15,2.7986111111111116,4.309861111111111,6.716666666666667
abl_sigma_seed42_e9,HEEH_KT_rd6_0793,795,0.39122960643298244,3.1360946745562126,4.18145956607495,20.384615384615383,2.021043711602288,2.52630463950286,6.680672268907563
abl_sigma_seed42_e9,HHH_rd1_0142,803,0.7649782571029843,2.509375,11.04125,20.075,2.8997222222222225,5.018750000000001,6.691666666666666
abl_sigma_seed42_e9,HHH_rd1_0244,770,0.834554514629491,4.799168975069252,13.864265927977838,20.263157894736842,3.493383742911153,4.832514177693763,6.695652173913044
abl_sigma_seed42_e9,r11_1081_TrROS_Hall,897,0.7931141059277131,1.3899793388429753,15.753099173553721,20.386363636363637,2.1480842058364895,4.745767431499221,6.6940298507462686
abl_sigma_seed42_e9,r12_757_TrROS_Hall,981,0.7349804878608278,7.763015410245731,8.988754685547688,20.020408163265305,3.087047063723449,4.675968346522283,6.673469387755102
abl_sigma_seed42_e9,r18_3_TrROS_Hall,989,0.7911811119996016,1.647646813827572,12.357351103706788,20.183673469387756,1.89636596055515,4.921521183345509,6.6824324324324325
abl_sigma_seed4_e14,1GYZ,1125,0.6952305483044151,2.1524234693877555,10.04464285714286,20.089285714285715,1.7538265306122445,3.906249999999999,6.696428571428571
abl_sigma_seed4_e14,1PSE,1217,0.7014810982463416,3.718611111111111,9.1275,20.283333333333335,1.9105180533751962,4.445628547276899,6.686813186813187
abl_sigma_seed4_e14,1QKH,1271,0.5165588971745916,2.241622574955908,8.005794910556814,20.174603174603174,1.8308033240997232,3.203905817174516,6.689473684210526
abl_sigma_seed4_e14,1QP2,1082,0.5749819939735852,4.081618655692729,8.163237311385458,20.037037037037038,2.5149367474470354,3.7105624142661173,6.679012345679013
abl_sigma_seed4_e14,1TUC,1043,0.7740461034407939,6.943047337278105,11.95747041420118,20.057692307692307,2.785790598290598,4.4572649572649565,6.685897435897436
abl_sigma_seed4_e14,1W4H,801,0.8426283358987139,6.508125000000001,13.016250000000001,20.025,2.614375,5.061875,6.675
abl_sigma_seed4_e14,2BTH,800,0.84172366863963,4.999999999999999,11.499999999999998,20.0,2.611111111111111,4.944444444444445,6.666666666666667
abl_sigma_seed4_e14,2K1B,933,0.822539183101591,9.700378071833649,9.700378071833649,20.282608695652176,3.380259820920242,4.973810879354071,6.712230215827338
abl_sigma_seed4_e14,2K28,919,0.8442550577428974,6.353580246913581,12.253333333333336,20.42222222222222,3.2316053066226225,4.700516809632906,6.708029197080292
abl_sigma_seed4_e14,2K5H,1124,0.8565960702789757,2.1505102040816326,11.110969387755102,20.071428571428573,2.3098072562358283,5.13732993197279,6.690476190476191
abl_sigma_seed4_e14,2KVS,1206,0.2119974393151746,1.3399999999999999,5.0249999999999995,20.1,1.2655555555555558,2.345,6.7
abl_sigma_seed4_e14,2KWH,979,0.8161549456310951,8.498263888888891,11.897569444444446,20.395833333333332,3.077172077312816,5.14392944267217,6.705479452054795
abl_sigma_seed4_e14,2KXD,1172,0.8186831797239886,1.0451843043995244,11.497027348394768,20.20689655172414,1.9900081632653062,5.013289795918367,6.6971428571428575
abl_sigma_seed4_e14,2L33,1333,0.7967084248616022,2.1421028466483016,11.628558310376494,20.196969696969695,1.784020605540264,5.1837579859094465,6.698492462311558
abl_sigma_seed4_e14,2LQK,989,0.6136025583883774,4.942940441482715,4.942940441482715,20.183673469387756,3.0703067932797667,4.199096055514975,6.6824324324324325
abl_sigma_seed4_e14,2WXC,786,0.8547233597974787,6.717948717948719,11.885601577909272,20.153846153846153,2.698663160201622,5.397326320403244,6.717948717948718
abl_sigma_seed4_e14,3DKM,1238,0.6416176671175037,1.3308250470303684,9.31577532921258,20.295081967213115,2.712929145361578,3.4725493060628194,6.691891891891892
abl_sigma_seed4_e14,4C26,1159,0.7827266193409135,4.9941520467836265,14.269005847953217,20.333333333333332,1.8975241404657692,4.87934778976912,6.699421965317919
abl_sigma_seed4_e14,6EWS,1035,0.8149743693424013,10.346020761245674,8.75432525951557,20.294117647058822,3.4894901144641,5.2557752341311135,6.67741935483871
abl_sigma_seed4_e14,6EWT,1024,0.8133793565885618,4.330642060745867,12.598231449442522,20.07843137254902,2.580887692767739,4.855568371139306,6.69281045751634
abl_sigma_seed4_e14,6EWU,1009,0.8218158194854125,10.8972,12.9152,20.18,3.5844480505240996,4.779264067365466,6.682119205298013
abl_sigma_seed4_e14,HEEH_KT_rd6_0746,806,0.7080747086565333,4.5337499999999995,10.075,20.15,2.630694444444445,4.141944444444445,6.716666666666667
abl_sigma_seed4_e14,HEEH_KT_rd6_0793,795,0.3659225214011221,2.090729783037475,5.226824457593688,20.384615384615383,1.7403431961019702,2.52630463950286,6.680672268907563
abl_sigma_seed4_e14,HHH_rd1_0142,803,0.7617909212152115,2.509375,14.0525,20.075,2.8997222222222225,5.130277777777779,6.691666666666666
abl_sigma_seed4_e14,HHH_rd1_0244,770,0.8508066545723905,4.265927977839334,12.797783933518005,20.263157894736842,3.551606805293006,4.890737240075615,6.695652173913044
abl_sigma_seed4_e14,r11_1081_TrROS_Hall,897,0.789122248312282,1.3899793388429753,17.143078512396695,20.386363636363637,2.1980396524838497,4.795722878146581,6.6940298507462686
abl_sigma_seed4_e14,r12_757_TrROS_Hall,981,0.737783213764708,9.397334443981674,7.763015410245731,20.020408163265305,3.2232403165347776,4.4035818408996255,6.673469387755102
abl_sigma_seed4_e14,r18_3_TrROS_Hall,989,0.8127821862640824,2.883381924198251,13.181174510620576,20.183673469387756,1.9415175310445585,5.056975894813734,6.6824324324324325
