protein,true,length,E_f_C0,E_u_C0,dG_pred_C0,wt_err_C0,E_f_C1,E_u_C1,dG_pred_C1,wt_err_C1,E_f_C2,E_u_C2,dG_pred_C2,wt_err_C2,E_f_C3,E_u_C3,dG_pred_C3,wt_err_C3
1GYZ,4.07466983795166,59.0,1.1143672466278076,-1.1862430572509766,-2.300610303878784,-6.375280141830444,1.1143672466278076,0.6094058156013489,-0.5049614310264587,-4.579631268978119,1.1143672466278076,0.015019197016954422,-1.0993480496108532,-5.174017887562513,1.1143672466278076,1.4114230871200562,0.29705584049224854,-3.7776139974594116
1PSE,1.711096167564392,68.0,1.1673259735107422,-1.9536781311035156,-3.121004104614258,-4.83210027217865,1.1673259735107422,1.0733468532562256,-0.0939791202545166,-1.8050752878189087,1.1673259735107422,-0.7561919093132019,-1.923517882823944,-3.634614050388336,1.1673259735107422,1.7670440673828125,0.5997180938720703,-1.1113780736923218
1QKH,3.9560558795928955,67.0,1.580596685409546,-0.816746175289154,-2.3973428606987,-6.3533987402915955,1.580596685409546,0.5513147115707397,-1.0292819738388062,-4.985337853431702,1.580596685409546,0.024054501205682755,-1.5565421842038631,-5.512598063796759,1.580596685409546,1.8397115468978882,0.2591148614883423,-3.6969410181045532
1QP2,2.280799150466919,63.0,0.7356343865394592,-1.8434590101242065,-2.5790933966636658,-4.859892547130585,0.7356343865394592,1.0174161195755005,0.28178173303604126,-1.9990174174308777,0.7356343865394592,-0.6125235557556152,-1.3481579422950745,-3.6289570927619934,0.7356343865394592,1.6660186052322388,0.9303842186927795,-1.3504149317741394
1TUC,2.9920055866241455,59.0,1.7930426597595215,-0.3879137635231018,-2.1809564232826233,-5.172962009906769,1.7930426597595215,0.9991461038589478,-0.7938965559005737,-3.7859021425247192,1.7930426597595215,0.08709079027175903,-1.7059518694877625,-4.697957456111908,1.7930426597595215,1.548508644104004,-0.24453401565551758,-3.236539602279663
1W4H,2.9449589252471924,44.0,1.177773118019104,-0.5107183456420898,-1.6884914636611938,-4.633450388908386,1.177773118019104,0.4911632239818573,-0.6866098940372467,-3.631568819284439,1.177773118019104,0.6882281303405762,-0.48954498767852783,-3.43450391292572,1.177773118019104,1.1285537481307983,-0.049219369888305664,-2.994178295135498
2BTH,2.996319055557251,43.0,0.14598646759986877,-2.5818498134613037,-2.7278362810611725,-5.7241553366184235,0.14598646759986877,-0.6100000143051147,-0.7559864819049835,-3.7523055374622345,0.14598646759986877,-0.8871297836303711,-1.0331162512302399,-4.029435306787491,0.14598646759986877,1.1868839263916016,1.0408974587917328,-1.9554215967655182
2K1B,2.4124879837036133,49.0,1.2459018230438232,-0.7076452374458313,-1.9535470604896545,-4.366035044193268,1.2459018230438232,0.6884394884109497,-0.5574623346328735,-2.969950318336487,1.2459018230438232,0.5943117737770081,-0.6515900492668152,-3.0640780329704285,1.2459018230438232,1.2517937421798706,0.005891919136047363,-2.406596064567566
2K28,2.7705941200256348,50.0,1.3155348300933838,-0.9454389810562134,-2.260973811149597,-5.031567931175232,1.3155348300933838,0.8247912526130676,-0.49074357748031616,-3.261337697505951,1.3155348300933838,0.4039112627506256,-0.9116235673427582,-3.682217687368393,1.3155348300933838,1.2554749250411987,-0.06005990505218506,-2.83065402507782
2K5H,1.7230859994888306,62.0,1.5103703737258911,0.1184082180261612,-1.39196215569973,-3.1150481551885605,1.5103703737258911,1.0691457986831665,-0.4412245750427246,-2.164310574531555,1.5103703737258911,0.3894087076187134,-1.1209616661071777,-2.8440476655960083,1.5103703737258911,1.5455373525619507,0.03516697883605957,-1.687919020652771
2KVS,4.5071940422058105,67.0,1.1512418985366821,-0.028096873313188553,-1.1793387718498707,-5.686532814055681,1.1512418985366821,1.1401833295822144,-0.011058568954467773,-4.518252611160278,1.1512418985366821,0.5978033542633057,-0.5534385442733765,-5.060632586479187,1.1512418985366821,1.7157959938049316,0.5645540952682495,-3.942639946937561
2KWH,2.1352531909942627,52.0,0.3343490660190582,-1.06595778465271,-1.4003068506717682,-3.535560041666031,0.3343490660190582,0.9385936856269836,0.6042446196079254,-1.5310085713863373,0.3343490660190582,-0.2089572250843048,-0.543306291103363,-2.6785594820976257,0.3343490660190582,1.3442635536193848,1.0099144876003265,-1.1253387033939362
2KXD,4.057529449462891,71.0,1.833482265472412,-0.6487721800804138,-2.482254445552826,-6.5397838950157166,1.833482265472412,1.4212062358856201,-0.412276029586792,-4.469805479049683,1.833482265472412,0.15803776681423187,-1.6754444986581802,-5.732973948121071,1.833482265472412,1.905961513519287,0.072479248046875,-3.9850502014160156
2L33,2.7903709411621094,71.0,1.664625883102417,-0.4729378819465637,-2.1375637650489807,-4.92793470621109,1.664625883102417,0.8850462436676025,-0.7795796394348145,-3.569950580596924,1.664625883102417,-0.06657329201698303,-1.7311991751194,-4.521570116281509,1.664625883102417,1.7680648565292358,0.10343897342681885,-2.6869319677352905
2LQK,1.722111701965332,62.0,1.7510669231414795,-0.7940317988395691,-2.5450987219810486,-4.267210423946381,1.7510669231414795,1.1261799335479736,-0.6248869895935059,-2.346998691558838,1.7510669231414795,-0.4062075912952423,-2.157274514436722,-3.879386216402054,1.7510669231414795,1.608654260635376,-0.14241266250610352,-1.8645243644714355
2WXC,2.458575963973999,44.0,1.166717767715454,-0.5595431327819824,-1.7262609004974365,-4.1848368644714355,1.166717767715454,0.46422165632247925,-0.7024961113929749,-3.161072075366974,1.166717767715454,0.6905415058135986,-0.47617626190185547,-2.9347522258758545,1.166717767715454,1.1407296657562256,-0.025988101959228516,-2.4845640659332275
3DKM,3.115544319152832,72.0,1.9482823610305786,-0.038466304540634155,-1.9867486655712128,-5.102292984724045,1.9482823610305786,1.4510083198547363,-0.4972740411758423,-3.6128183603286743,1.9482823610305786,-0.0856921523809433,-2.033974513411522,-5.149518832564354,1.9482823610305786,1.8626364469528198,-0.08564591407775879,-3.201190233230591
4C26,4.426814079284668,62.0,1.1804986000061035,0.9196228981018066,-0.2608757019042969,-4.687689781188965,1.1804986000061035,0.9857288002967834,-0.19476979970932007,-4.621583878993988,1.1804986000061035,0.8515995740890503,-0.3288990259170532,-4.755713105201721,1.1804986000061035,1.6799837350845337,0.4994851350784302,-3.927328944206238
6EWS,3.5091700553894043,56.0,0.7759010791778564,-0.5287564396858215,-1.304657518863678,-4.813827574253082,0.7759010791778564,0.6187772154808044,-0.157123863697052,-3.6662939190864563,0.7759010791778564,0.7304175496101379,-0.045483529567718506,-3.554653584957123,0.7759010791778564,1.5025713443756104,0.7266702651977539,-2.7824997901916504
6EWT,4.167848110198975,57.0,0.594470739364624,-0.3578627109527588,-0.9523334503173828,-5.120181560516357,0.594470739364624,0.6779390573501587,0.08346831798553467,-4.08437979221344,0.594470739364624,0.8121135830879211,0.21764284372329712,-3.9502052664756775,0.594470739364624,1.5043848752975464,0.9099141359329224,-3.2579339742660522
6EWU,3.6854472160339355,56.0,0.8725364208221436,-0.2996602952480316,-1.1721967160701752,-4.857643932104111,0.8725364208221436,0.5888570547103882,-0.28367936611175537,-3.969126582145691,0.8725364208221436,0.7391728162765503,-0.13336360454559326,-3.818810820579529,0.8725364208221436,1.3834484815597534,0.5109120607376099,-3.1745351552963257
HEEH_KT_rd6_0746,2.1597065925598145,42.0,0.6180885434150696,-2.3147032260894775,-2.932791769504547,-5.092498362064362,0.6180885434150696,-0.2147362381219864,-0.832824781537056,-2.9925313740968704,0.6180885434150696,-1.5362917184829712,-2.1543802618980408,-4.314086854457855,0.6180885434150696,1.1432020664215088,0.5251135230064392,-1.6345930695533752
HEEH_KT_rd6_0793,2.996638298034668,42.0,0.820561945438385,-3.2678425312042236,-4.088404476642609,-7.085042774677277,0.820561945438385,-0.4283599257469177,-1.2489218711853027,-4.245560169219971,0.820561945438385,-2.6899166107177734,-3.5104785561561584,-6.507116854190826,0.820561945438385,1.0765997171401978,0.25603777170181274,-2.7406005263328552
HHH_rd1_0142,3.605520009994507,42.0,0.09992583841085434,-2.3059909343719482,-2.4059167727828026,-6.011436782777309,0.09992583841085434,-0.7732546329498291,-0.8731804713606834,-4.47870048135519,0.09992583841085434,-1.0431263446807861,-1.1430521830916405,-4.748572193086147,0.09992583841085434,1.0083180665969849,0.9083922281861305,-2.6971277818083763
HHH_rd1_0244,2.8478260040283203,42.0,0.7333750128746033,-1.3026682138442993,-2.0360432267189026,-4.883869230747223,0.7333750128746033,-0.656705379486084,-1.3900803923606873,-4.237906396389008,0.7333750128746033,-0.8739739656448364,-1.6073489785194397,-4.45517498254776,0.7333750128746033,1.0629149675369263,0.329539954662323,-2.5182860493659973
r11_1081_TrROS_Hall,4.678226947784424,49.0,1.0596610307693481,-0.23523955047130585,-1.294900581240654,-5.973127529025078,1.0596610307693481,0.3261459767818451,-0.733515053987503,-5.411742001771927,1.0596610307693481,0.6843222975730896,-0.37533873319625854,-5.053565680980682,1.0596610307693481,1.2707194089889526,0.2110583782196045,-4.467168569564819
r12_757_TrROS_Hall,1.421102523803711,54.0,1.1552867889404297,0.16730976104736328,-0.9879770278930664,-2.4090795516967773,1.1552867889404297,0.540584146976471,-0.6147026419639587,-2.0358051657676697,1.1552867889404297,0.6818630695343018,-0.47342371940612793,-1.8945262432098389,1.1552867889404297,1.3489243984222412,0.19363760948181152,-1.2274649143218994
r18_3_TrROS_Hall,3.128411054611206,52.0,0.9371739029884338,-1.2376203536987305,-2.1747942566871643,-5.30320531129837,0.9371739029884338,-0.03134499490261078,-0.9685188978910446,-4.096929952502251,0.9371739029884338,0.47197896242141724,-0.4651949405670166,-3.5936059951782227,0.9371739029884338,1.2715332508087158,0.334359347820282,-2.794051706790924
