feature,target,mean_r,sd_r,min_r,max_r,sign_consistency,mean_spearman,mean_p,n_sig05
n_res,b_p,-0.13705718732351768,0.17233040061161256,-0.3184280760490362,0.1603524398129544,7,-0.05216942102106912,0.3294017530887465,0
n_res,abs_b_p,0.25960036447352786,0.13197060731346563,-0.06964954580837504,0.42427616472605956,9,0.17479501801059263,0.21296627238330398,2
n_res,a_p,-0.21485132544776206,0.06279921764150077,-0.286278372106317,-0.08185740736369006,10,-0.1019774893011846,0.2957076024889672,0
n_res,ddg_pcc,-0.2793950036691701,0.043959340105804816,-0.32183654427200525,-0.1708937015039653,10,-0.3202653298893422,0.16102064437980843,0
n_res,a_dg,-0.21485132665401455,0.06279921758725113,-0.28627837472680195,-0.08185740864846314,10,-0.1019774893011846,0.29570759970700833,0
bfac_mean,b_p,0.1350658846399332,0.12028902598511489,-0.010523194017454864,0.369297055923812,9,0.07476027845947794,0.5604890825871195,0
bfac_mean,abs_b_p,0.05657784359333402,0.1430528993669995,-0.24671109557918172,0.22800101316939303,7,0.1552481588977062,0.4931737118623488,0
bfac_mean,a_p,0.326825880914979,0.03791906845543938,0.2725799802275439,0.4052161382288929,10,0.09424508710489174,0.0959507710235914,1
bfac_mean,ddg_pcc,0.1091121724840595,0.04801337220923959,0.026339894483190657,0.18907964102020058,10,-0.3245001676094862,0.5911370049670337,0
bfac_mean,a_dg,0.32682587953140063,0.0379190679421598,0.2725799789379982,0.40521613663864414,10,0.09424508710489174,0.09595077233130986,1
bfac_std,b_p,0.10396490515330077,0.04842891883958676,0.022466743249967693,0.17654127570824815,10,0.016442876494020077,0.6084761028986386,0
bfac_std,abs_b_p,-0.09403911975195504,0.031137436038454612,-0.1516312333471591,-0.05664047979405416,10,-0.12334897849930729,0.6382182128020654,0
bfac_std,a_p,0.39783609637884665,0.07735892239742594,0.20334414121903197,0.4653833735315125,10,0.28207754625491444,0.058331506138730595,8
bfac_std,ddg_pcc,0.3380656205562631,0.03760883150240601,0.2656406734351814,0.3859730806494891,10,0.4146071307967162,0.08475957728284145,3
bfac_std,a_dg,0.3978360974002838,0.07735892128470045,0.20334414577357607,0.4653833753951769,10,0.28207754625491444,0.058331504733218555,8
bfac_all_zero,b_p,-0.15282662665833618,0.11009088211786672,-0.3686608725652727,-0.017121579096422215,10,-0.1920515043733222,0.5042053308318498,0
bfac_all_zero,abs_b_p,-0.031514623326311206,0.13478959595797785,-0.19507583285064162,0.24507942779050124,7,-0.011371470653683545,0.5443380003961018,0
bfac_all_zero,a_p,-0.37356431291479975,0.034308360690732655,-0.4365150118000848,-0.320943741050203,10,-0.410636440271906,0.05427948474885069,5
bfac_all_zero,ddg_pcc,-0.16018868421947266,0.04963010788951794,-0.24012880447379792,-0.07576258090390818,10,-0.15288310545507883,0.4295944864556473,0
bfac_all_zero,a_dg,-0.37356431170666676,0.03430836020745741,-0.43651501024199335,-0.32094374062015835,10,-0.410636440271906,0.05427948546965335,5
Rg,b_p,0.15185925147147394,0.13008737108856577,0.008947415316596423,0.3521393231544086,10,0.10996168582375476,0.5315085265240709,0
Rg,abs_b_p,0.04513011457198414,0.15020715329234022,-0.3140970083225852,0.20134106833028612,7,0.1103448275862069,0.5058145697424522,0
Rg,a_p,0.1306512097753188,0.06544440760094906,0.030205325906878393,0.2507461581809224,10,0.12096332785987955,0.529498266649344,0
Rg,ddg_pcc,-0.04127484016096605,0.01888538891422401,-0.07781483952744683,-0.01775380589067015,10,-0.25675971538040504,0.8355682669094409,0
Rg,a_dg,0.13065120738950245,0.06544440754550794,0.030205322832790468,0.25074615522369054,10,0.12096332785987955,0.5294982741503482,0
Rg_over_N13,b_p,0.29873976220629517,0.051993166981213035,0.19233297413559397,0.3756558819392653,10,0.3394088669950739,0.13684736411565795,1
Rg_over_N13,abs_b_p,-0.14774065213093163,0.10719862704271646,-0.34414818666824787,0.03512571899237497,9,-0.10678708264915163,0.48303853672417124,0
Rg_over_N13,a_p,0.3447803269443973,0.04771643054828683,0.27311502850758107,0.43396276214829815,10,0.5230979748221127,0.08149410258418625,4
Rg_over_N13,ddg_pcc,0.16262708526973793,0.04348888035672573,0.04810970857562685,0.2000249975090112,10,0.11083743842364531,0.4182815776044788,0
Rg_over_N13,a_dg,0.34478032486254695,0.04771643085954039,0.2731150265804695,0.4339627628799959,10,0.5230979748221127,0.08149410461732316,4
asphericity,b_p,0.43482863298989366,0.040070513483755434,0.3799830989438614,0.4872667006398898,10,0.32019704433497537,0.02417013479780998,10
asphericity,abs_b_p,-0.2018633114881955,0.07372413332966178,-0.3194035307145064,-0.06970499775259398,10,-0.11948549534756432,0.33466528397465034,0
asphericity,a_p,0.3563292588857511,0.04051853621948255,0.29998794469613965,0.4277362537925451,10,0.5314723590585659,0.06893776343483311,4
asphericity,ddg_pcc,0.3522104865542873,0.056400228503065995,0.21201776692929486,0.41246970658743387,10,0.2705528188286809,0.08038441821747783,5
asphericity,a_dg,0.3563292578905355,0.040518535965013466,0.2999879448207251,0.4277362565779196,10,0.5314723590585659,0.06893776414294836,4
acylindricity,b_p,0.06119446787308103,0.1394768010620557,-0.1912455293548893,0.19499792524365173,7,0.09332238642583471,0.47167633358506594,0
acylindricity,abs_b_p,-0.047572566112260704,0.09849622107679626,-0.14641292737334474,0.16041066084031566,7,-0.07027914614121511,0.6196575320517674,0
acylindricity,a_p,0.27940768295626034,0.06223517103445999,0.1673709935894524,0.3656372490764432,10,0.18067870826491514,0.1712674824424911,0
acylindricity,ddg_pcc,0.2795814332317418,0.07089129983649756,0.11294759480047309,0.36136819535766546,10,0.3339354132457581,0.17789039698625717,0
acylindricity,a_dg,0.2794076856461935,0.06223517059420491,0.16737099609464415,0.3656372503088589,10,0.18067870826491514,0.1712674779272611,0
shape_aniso,b_p,0.35171475368394606,0.042367253019918706,0.27771006301295564,0.403137168691845,10,0.34833059660645865,0.07381784664381935,4
shape_aniso,abs_b_p,-0.11335023251995005,0.07514099414460401,-0.23923023354569395,0.011314793741905749,8,-0.1692391899288451,0.576897789843693,0
shape_aniso,a_p,0.27945835152242593,0.044844723930915445,0.22061221821969312,0.36197161545590706,10,0.5223864258347016,0.16062703338619544,0
shape_aniso,ddg_pcc,0.26223016714447517,0.05527708497872294,0.10681102113612972,0.3073790219154456,10,0.3116037219485495,0.1956903138435584,0
shape_aniso,a_dg,0.2794583503491451,0.044844723836620824,0.22061221785345397,0.36197161796378147,10,0.5223864258347016,0.16062703511492443,0
hull_vol,b_p,-0.02923827862898056,0.17714196958619405,-0.21062105060956984,0.27637027348228127,7,-0.1102900930487137,0.41955855167017286,0
hull_vol,abs_b_p,0.1573737003379081,0.1682645477383211,-0.25111362127831816,0.31438530830114114,9,0.06480569239189929,0.3441035788299779,0
hull_vol,a_p,-0.013390304674381435,0.06272027596558022,-0.11022436779584041,0.11365749245947053,7,-0.037164750957854396,0.7834344882088764,0
hull_vol,ddg_pcc,-0.13211521136268353,0.04408538889819905,-0.19174237542533504,-0.03101498960353938,10,-0.2926655719759168,0.5119187538589489,0
hull_vol,a_dg,-0.013390307267148044,0.06272027599754566,-0.110224371317007,0.11365748984153656,7,-0.037164750957854396,0.7834344843273311,0
hull_area,b_p,0.05584748698078583,0.16615786519511433,-0.1140328080999938,0.3383897368404791,5,-0.01587301587301588,0.5822497529131581,0
hull_area,abs_b_p,0.1341730107849115,0.17649729358409214,-0.2992242165246061,0.3010932120713903,7,0.14220032840722494,0.37332107843108303,0
hull_area,a_p,0.07519717778234794,0.0654259737501074,-0.023111589520810598,0.2083528826757396,9,0.06004378762999453,0.7007213349754757,0
hull_area,ddg_pcc,-0.08334086695212309,0.03420719807078664,-0.14248273233986825,-0.019468000520221296,10,-0.24663382594417077,0.6774052109401492,0
hull_area,a_dg,0.07519717506823206,0.06542597362538906,-0.023111592954884706,0.2083528797754494,9,0.06004378762999453,0.7007213419078087,0
sphericity,b_p,-0.37954179022861273,0.047835317455903435,-0.4324804901002437,-0.2807774700753866,10,-0.3869184455391351,0.05458510748159985,6
sphericity,abs_b_p,0.0786041872831433,0.11664431694126179,-0.1398514801798218,0.24531552797022935,8,-0.0057471264367816135,0.5143682623092702,0
sphericity,a_p,-0.4316575494111053,0.035968027789555886,-0.5045592364874218,-0.37417179421599145,10,-0.5430760810071156,0.024545211554977013,10
sphericity,ddg_pcc,-0.2033919524105942,0.06676004156067965,-0.262271855298293,-0.022195085742125358,10,-0.17077175697865352,0.32361458370589363,0
sphericity,a_dg,-0.4316575482677867,0.03596802847860688,-0.5045592383026977,-0.3741717920931961,10,-0.5430760810071156,0.02454521206976757,10
vol_per_res,b_p,0.23582515779916782,0.06578412024268133,0.11542879949624309,0.3304536490337624,10,0.27547892720306516,0.2524880266778177,0
vol_per_res,abs_b_p,-0.1919418134663085,0.1365496590155767,-0.41393433166794685,0.042614404591540214,9,-0.1402846195949644,0.3924240965156014,1
vol_per_res,a_p,0.44083963155388906,0.03498917476709094,0.37542240743433236,0.5135005150298239,10,0.48286808976464146,0.021277253035827913,10
vol_per_res,ddg_pcc,0.28640553458219214,0.02531859070077887,0.23887311941722975,0.32166558176343774,10,0.2652983032293378,0.14302122843848608,0
vol_per_res,a_dg,0.44083962871611604,0.034989174394388686,0.37542240498881807,0.5135005112162803,10,0.48286808976464146,0.02127725391278796,10
n_contacts,b_p,-0.0091098479594337,0.1492080477289741,-0.1787830647534999,0.23094587759523472,7,0.010975776755309339,0.5256047653683293,0
n_contacts,abs_b_p,0.24671810535747443,0.13644423424384555,-0.1345678751489011,0.40928780197634174,9,0.2659915174765491,0.18361298201338488,1
n_contacts,a_p,-0.23241940623040364,0.07249956504733866,-0.3292147155991982,-0.09702951601750222,10,-0.22865745389988587,0.26524255239611144,0
n_contacts,ddg_pcc,-0.23481060029331605,0.043642425643831896,-0.27490364951208285,-0.11947808442205479,10,-0.34553168518460126,0.24057495701869444,0
n_contacts,a_dg,-0.232419405864357,0.07249956480318974,-0.32921471450151674,-0.09702951588390028,10,-0.22865745389988587,0.2652425529528709,0
contact_density,b_p,0.17299472065906812,0.08237845505716611,0.054042040271351066,0.30867579375333587,10,0.18330596606458674,0.417443840524681,0
contact_density,abs_b_p,0.1857578208536905,0.14152112902781283,-0.18038342853444161,0.3009832988013011,9,0.2267104542966612,0.28826470690867945,0
contact_density,a_p,-0.2424726795042173,0.07861097884424127,-0.35830505423305087,-0.09134849358927982,10,-0.2400656814449918,0.24987793972976524,0
contact_density,ddg_pcc,-0.09347019955986484,0.038505277547555505,-0.1320619216724922,0.009838356201501024,9,-0.22282430213464693,0.6329385000417724,0
contact_density,a_dg,-0.242472677175373,0.07861097811259495,-0.3583050503295641,-0.09134849420662094,10,-0.2400656814449918,0.24987794371034414,0
CO_abs,b_p,0.22615253079394834,0.12791191197660584,0.08895195075196263,0.44883103363423593,10,0.2705528188286809,0.3375768636118649,2
CO_abs,abs_b_p,0.14227475224657132,0.17200539826375846,-0.3390093873963832,0.29016385346451895,9,0.22764094143404487,0.31706714105625533,0
CO_abs,a_p,-0.030055234560865035,0.08466196487113417,-0.12155779200434415,0.17645607944158712,7,0.10700602079912425,0.6983471510941196,0
CO_abs,ddg_pcc,-0.050735870072437975,0.05063652814882057,-0.12781511181693134,0.05413215790909853,9,-0.22151067323481116,0.7599369112047151,0
CO_abs,a_dg,-0.030055234829046384,0.0846619647462585,-0.12155779234850188,0.17645607839390237,7,0.10700602079912425,0.698347151563285,0
RCO,b_p,0.3799541376531974,0.07498247439494733,0.2805337323989358,0.5170423141728493,10,0.36261631089217294,0.06348294322970213,4
RCO,abs_b_p,0.05755127157695254,0.16523163968428314,-0.3786444978578714,0.2518589878286902,8,0.14395183360700603,0.5552023269068926,1
RCO,a_p,0.09937980210979833,0.09432566390825955,-0.012802228371356646,0.3446160608070129,9,0.24455391351943073,0.6473340061890183,0
RCO,ddg_pcc,0.08804426376202265,0.04538790417605145,0.017779002751553134,0.14721684519784559,10,-0.00870279146141215,0.6632075770939845,0
RCO,a_dg,0.09937980249674261,0.09432566354672217,-0.012802228519993929,0.34461605953674174,9,0.24455391351943073,0.6473340043235896,0
LRO,b_p,0.3220354548843145,0.11847330149125612,0.18051600431385018,0.5140663745288468,10,0.27923908842310696,0.15461274611154885,4
LRO,abs_b_p,0.13980713705109088,0.19612698486346408,-0.4001438942513933,0.3051187483445113,9,0.2472423726451603,0.31652102411029825,1
LRO,a_p,0.004446007723868822,0.0787862914444209,-0.0971621058361459,0.18873509896335539,3,0.004762556497316271,0.7720612042806453,0
LRO,ddg_pcc,-0.034870134982245275,0.05344011639783079,-0.11822093040007041,0.08730928685064614,9,-0.20684275546102918,0.7949710385700772,0
LRO,a_dg,0.004446009532680135,0.07878629131698825,-0.0971621033338168,0.18873509996536045,3,0.004762556497316271,0.7720612079570142,0
frac_longrange,b_p,0.31450627639283807,0.11602805730498308,0.18190389033658633,0.5125967387226952,10,0.28482277535099504,0.16209829032821368,4
frac_longrange,abs_b_p,0.12346364086517632,0.1919402985466688,-0.40201878868838914,0.2960699082656315,9,0.20922403370968728,0.35781822462162666,1
frac_longrange,a_p,0.058809664796959225,0.07389145742434775,-0.03624166637588886,0.23309240238027173,8,0.10001368644364175,0.750776468102776,0
frac_longrange,ddg_pcc,-0.01640330099641646,0.05200960178018263,-0.10407281970922262,0.09444181259161438,6,-0.17821267444842673,0.84633384057276,0
frac_longrange,a_dg,0.058809665898260255,0.07389145735520661,-0.03624166488061839,0.23309240293228245,8,0.10001368644364175,0.750776465060367,0
CO_heavy_abs,b_p,0.19373967908706125,0.14779736875570726,0.038854239791106415,0.4310852879278141,10,0.2695675971538041,0.4431301264104627,2
CO_heavy_abs,abs_b_p,0.12263834113326069,0.17196061653934933,-0.35694620915804354,0.27357670639278553,9,0.17071702244116035,0.363089165475165,0
CO_heavy_abs,a_p,-0.05662228893717475,0.08514774942456106,-0.15509297803481326,0.1362574892715775,7,0.08713738368910781,0.6456410593062353,0
CO_heavy_abs,ddg_pcc,-0.09109557947792206,0.05562108915468596,-0.17074578251929634,0.039242345212157706,9,-0.2905309250136836,0.6235378821154073,0
CO_heavy_abs,a_dg,-0.0566222894549811,0.08514774949030415,-0.1550929787788934,0.13625748852474714,7,0.08713738368910781,0.6456410592081527,0
RCO_heavy,b_p,0.4062766083430637,0.08766081927068888,0.2978413070005079,0.5558049349039175,10,0.39896004378763,0.05122496222521104,4
RCO_heavy,abs_b_p,0.0009368102209550564,0.17297200072679153,-0.4512117323242478,0.19987708850825392,6,0.10541871921182266,0.6290804568209433,1
RCO_heavy,a_p,0.09470387268990571,0.10072717009602006,-0.022585874297487103,0.3519289201383277,8,0.17427476737821565,0.655488440033322,0
RCO_heavy,ddg_pcc,0.07791162579378383,0.05702126820508308,-0.002966991922817165,0.17147329775505313,7,-0.15539135194307607,0.6985783262527456,0
RCO_heavy,a_dg,0.09470387298490744,0.10072716994337252,-0.022585874462306078,0.35192891926662284,8,0.17427476737821565,0.6554884383487841,0
heavy_contact_density,b_p,-0.2293825612955982,0.1010699871382749,-0.3309204935441122,-0.04255370993847422,10,-0.2305418719211823,0.29883731245318423,0
heavy_contact_density,abs_b_p,0.24787269910535187,0.07705016963887386,0.10632955744352063,0.3534227998358275,10,0.19917898193760264,0.23784349774892263,0
heavy_contact_density,a_p,-0.5641934579205572,0.06969051042942229,-0.6375793794455787,-0.4406509775270181,10,-0.5214012041598248,0.004598223473720294,10
heavy_contact_density,ddg_pcc,-0.3200125862415856,0.0460868060327037,-0.3677887467701465,-0.20861866854808966,10,-0.3520525451559934,0.10769424159773491,0
heavy_contact_density,a_dg,-0.5641934576604308,0.06969050975972545,-0.6375793803367424,-0.4406509795497954,10,-0.5214012041598248,0.004598223416057159,10
SASA_total,b_p,0.05139997694715056,0.17037053002256022,-0.1213141695238814,0.33953351639572454,4,0.009578544061302683,0.5745184367264868,0
SASA_total,abs_b_p,0.17102519320711962,0.18133801238421396,-0.26703729900412093,0.3312972367805939,9,0.13563218390804596,0.315377616896866,0
SASA_total,a_p,0.045609779818577945,0.0718716779475513,-0.05877751738186315,0.17871227287029703,6,0.016529830322933765,0.762457527477163,0
SASA_total,ddg_pcc,-0.07553688777878581,0.03814134870949239,-0.1434834544109431,-0.007545448372184458,10,-0.2653530377668309,0.7071706579382355,0
SASA_total,a_dg,0.045609777365204156,0.07187167790488173,-0.058777520728192985,0.17871227012310387,6,0.016529830322933765,0.7624575274364768,0
SASA_per_res,b_p,0.2681462743585846,0.13302814871597,0.03283443519475211,0.41708672121310614,10,0.22304324028461955,0.2642789807314066,3
SASA_per_res,abs_b_p,-0.27379627852312144,0.08151079842483076,-0.40589663291027944,-0.1400376953925861,10,-0.2582375478927203,0.1944931453471212,2
SASA_per_res,a_p,0.4249470361018853,0.04883629652488168,0.32267295440598565,0.4857555258093568,10,0.4153256704980842,0.030272314712360034,8
SASA_per_res,ddg_pcc,0.38087175683099517,0.04583611277113449,0.2582880911006029,0.4222960655371046,10,0.40711548987411056,0.05377407567258021,7
SASA_per_res,a_dg,0.4249470357984575,0.04883629648526826,0.3226729539304212,0.48575552430901536,10,0.4153256704980842,0.030272314843651504,8
SASA_over_N23,b_p,0.3325368530028252,0.06506795926249555,0.24488569742453886,0.43284255682125905,10,0.36009852216748767,0.10235868683628487,4
SASA_over_N23,abs_b_p,-0.2054677060505438,0.10355304279018723,-0.3261668102369984,-0.004100971997987493,10,-0.15030103995621236,0.3544459078488252,0
SASA_over_N23,a_p,0.49259911374200416,0.035007377961421754,0.4479801107315019,0.5531291879921918,10,0.5369458128078819,0.009056287106031336,10
SASA_over_N23,ddg_pcc,0.3813297961455155,0.03946081979121699,0.2850960036675282,0.4357761780114552,10,0.3206349206349206,0.050919467817568884,7
SASA_over_N23,a_dg,0.4925991120220208,0.035007377894824505,0.4479801091717303,0.5531291853744331,10,0.5369458128078819,0.009056287376889103,10
RSA_mean,b_p,0.18811827483181753,0.11863413000930097,-0.01141373030415261,0.32891149546964116,9,0.18018609742747674,0.4044403758228682,0
RSA_mean,abs_b_p,-0.2545643044927997,0.09193443386182294,-0.3813570015270566,-0.04458632685536486,10,-0.23240284619594961,0.2378882951735223,1
RSA_mean,a_p,0.41211915262095156,0.061639981116634435,0.29782536119824116,0.49673837136155174,10,0.41105637657361793,0.040225585526845097,8
RSA_mean,ddg_pcc,0.3687394425972685,0.06007577004783594,0.20744196616811048,0.43193930075548925,10,0.40596606458675427,0.06906905638520523,6
RSA_mean,a_dg,0.41211915267120725,0.061639981091947925,0.29782536105740937,0.4967383704524744,10,0.41105637657361793,0.04022558551428452,8
frac_buried_rsa20,b_p,-0.20369165502803055,0.12305411243506109,-0.3517206313014962,0.013847884602427155,9,-0.1172074020809977,0.3700135565787085,0
frac_buried_rsa20,abs_b_p,0.19823694396323263,0.08981237372475753,0.03484320850308186,0.3437042750413747,10,0.13475702710644025,0.3579313185357117,0
frac_buried_rsa20,a_p,-0.22626529324586603,0.04303415618478499,-0.2875521504767498,-0.13303978149244014,10,-0.1788911855167575,0.2581291738323881,0
frac_buried_rsa20,ddg_pcc,-0.29844656738328285,0.05107354205168415,-0.3367093705552169,-0.18129724804058933,10,-0.34606436867643325,0.13734346657819269,0
frac_buried_rsa20,a_dg,-0.22626529493964812,0.043034155984398866,-0.28755215282752133,-0.13303978264930733,10,-0.1788911855167575,0.2581291700869023,0
frac_buried_rsa05,b_p,-0.2213442544376812,0.08979633055868182,-0.3282442512586469,-0.04992089326095637,10,-0.17639974109036863,0.3046165315817708,0
frac_buried_rsa05,abs_b_p,0.1703656890772694,0.07125398015224087,0.05357688392482141,0.2892742955229586,10,0.1295551101722217,0.4148373945494999,0
frac_buried_rsa05,a_p,-0.3053141025526735,0.03765564404484168,-0.39196273814882,-0.2412735899242744,10,-0.3339356886666501,0.12095596320450908,1
frac_buried_rsa05,ddg_pcc,-0.2117428559670341,0.048914473669913125,-0.25807574831085595,-0.08440824435216542,10,-0.2036413587195657,0.29353860076849825,0
frac_buried_rsa05,a_dg,-0.3053141012371504,0.03765564407263467,-0.39196273830146744,-0.24127359058237438,10,-0.3339356886666501,0.12095596485339559,1
frac_exposed_rsa50,b_p,0.03361698934636131,0.09863692291862845,-0.11124664940203595,0.14634884914005128,6,-0.059983586396089805,0.6327791842917504,0
frac_exposed_rsa50,abs_b_p,-0.3167282513806946,0.14324441051199902,-0.45064667993309915,0.07036300396475784,9,-0.32224059084474727,0.14157816479268118,5
frac_exposed_rsa50,a_p,0.4095404263811376,0.09978830577065337,0.1930985656942048,0.5446738473346505,10,0.315776606192018,0.06433487733964252,8
frac_exposed_rsa50,ddg_pcc,0.4481296254485634,0.07368669123678316,0.2441728382929935,0.5240222895863249,10,0.4291154557386022,0.032560646680336626,9
frac_exposed_rsa50,a_dg,0.40954042486224196,0.09978830600215789,0.19309856419420965,0.5446738445137593,10,0.315776606192018,0.06433487850342023,8
mean_hydropathy,b_p,0.09868250624207694,0.10529639567458214,-0.030559982905908376,0.27858168797908917,8,0.02696044913710649,0.619783928188508,0
mean_hydropathy,abs_b_p,0.07390294990902505,0.07898008937465324,-0.10222503310784041,0.17089207079323984,9,0.00041056521528588373,0.6437338482734682,0
mean_hydropathy,a_p,0.1857248091304628,0.034363068714194915,0.14119773838893046,0.2538608024303421,10,0.1316819500493597,0.35119670012794796,0
mean_hydropathy,ddg_pcc,-0.11654836505561608,0.02734039333863326,-0.1578043978966767,-0.06740399391280308,10,-0.17730943097479782,0.5583005103713511,0
mean_hydropathy,a_dg,0.1857248113587851,0.03436306900771915,0.14119774120755774,0.2538608059894505,10,0.1316819500493597,0.3511966943762508,0
buried_hydrophobic_frac,b_p,-0.09783362740352652,0.03710197579322966,-0.14984977807890254,-0.054783315233393005,10,-0.09141684549134577,0.6263427876415182,0
buried_hydrophobic_frac,abs_b_p,0.11686247104729394,0.07026304062846735,-0.0018999154932705063,0.23432064344956224,9,0.08977413488053992,0.5741412732392903,0
buried_hydrophobic_frac,a_p,-0.21136281838974877,0.041850963545841426,-0.2986493256440197,-0.14081350160802958,10,-0.21705682870781354,0.2908935761451951,0
buried_hydrophobic_frac,ddg_pcc,-0.02996004913842614,0.025729317815423477,-0.055936707672874446,0.03719957416126221,9,-0.11077345218867476,0.8504289137991418,0
buried_hydrophobic_frac,a_dg,-0.21136282048283306,0.041850961919389425,-0.2986493234389255,-0.14081350647597016,10,-0.21705682870781354,0.29089357046065245,0
exposed_hydrophobic_frac,b_p,0.30565381923756585,0.0632326706264927,0.1526418738716571,0.40452348081260453,10,0.3590376744485733,0.1347700812706169,1
exposed_hydrophobic_frac,abs_b_p,-0.08881776612177608,0.13011131481034585,-0.381882666282968,0.15059063202224388,8,-0.1265446626294193,0.5861513294896591,1
exposed_hydrophobic_frac,a_p,0.4534375621865438,0.08352244759470878,0.2432767834557538,0.5391589401874759,10,0.524806618213126,0.03337248438103324,9
exposed_hydrophobic_frac,ddg_pcc,0.10842064486626087,0.016485622072607696,0.07046382153971398,0.13228310074833455,10,0.17478339673815418,0.5840914107864476,0
exposed_hydrophobic_frac,a_dg,0.45343756265834473,0.0835224470050972,0.2432767852798542,0.5391589390614705,10,0.524806618213126,0.03337248392884406,9
hydrophobic_moment_proxy,b_p,-0.03242551165541158,0.13483651380582135,-0.24557586058108177,0.17912713066697383,4,-0.0395183360700602,0.6254703185343788,0
hydrophobic_moment_proxy,abs_b_p,-0.0625203652866441,0.14973467741928884,-0.2726527852237487,0.3206639494744828,8,-0.053256704980842916,0.5358489336787617,0
hydrophobic_moment_proxy,a_p,-0.13893589824360864,0.06303040786424297,-0.25671750019357675,-0.03492830119308146,10,-0.1632183908045977,0.5014521940303223,0
hydrophobic_moment_proxy,ddg_pcc,0.2958833807497698,0.03678276565675038,0.19083739199660946,0.32547646082547615,10,0.2600985221674877,0.13392289549126143,0
hydrophobic_moment_proxy,a_dg,-0.13893589727350494,0.06303040700974166,-0.2567175002921727,-0.03492830353913355,10,-0.1632183908045977,0.5014521966108232,0
depth_mean,b_p,-0.06688824357455125,0.10376485709384588,-0.22055394125334118,0.12651675724127384,8,0.04849480021893814,0.5885480567037771,0
depth_mean,abs_b_p,0.403817174231116,0.13795387078570198,0.097025843650757,0.5600394264929325,10,0.4328954570333881,0.10460667645066554,7
depth_mean,a_p,-0.43171006780879306,0.13977306794704975,-0.5594516801195532,-0.09089262839740517,10,-0.19217296113847837,0.08910330393809471,8
depth_mean,ddg_pcc,-0.23567072478030218,0.05881275139482281,-0.2965865690850476,-0.11196709311966946,10,-0.09277504105090312,0.24804848570298849,0
depth_mean,a_dg,-0.43171006731251127,0.13977306822455166,-0.5594516803733827,-0.0908926276711147,10,-0.19217296113847837,0.08910330447319315,8
depth_max,b_p,-0.0010467162312480967,0.06265117009876618,-0.11027898564404458,0.10192717674071937,6,0.07536945812807881,0.8015119873867607,0
depth_max,abs_b_p,0.2537360548466628,0.1846039387897789,-0.1541938111717777,0.4822246169848075,9,0.2839080459770115,0.2299134567148625,4
depth_max,a_p,0.19649339443032426,0.04865815956315484,0.13991094794700382,0.29276375557967843,10,0.14871373836891078,0.33063183138181945,0
depth_max,ddg_pcc,-0.02947185250496683,0.06188588640407605,-0.09647692185528328,0.06454166793241205,6,0.08598795840175151,0.7466291737801669,0
depth_max,a_dg,0.19649339447059078,0.04865815979886858,0.13991095054242375,0.2927637564012192,10,0.14871373836891078,0.33063183141918917,0
depth_p90,b_p,-0.31884488427338215,0.09855602302156326,-0.42004686747381353,-0.13203794471645205,10,-0.2378762999452655,0.14708133573954046,4
depth_p90,abs_b_p,0.41295742585213163,0.10873538104589656,0.168340289780025,0.5889002962160084,10,0.3297208538587849,0.06506216010284582,8
depth_p90,a_p,-0.5234851564415889,0.08791985796598693,-0.6106985471965046,-0.3180052122264901,10,-0.49906951286261625,0.014840103127373822,9
depth_p90,ddg_pcc,-0.4779236217083784,0.07051506062303081,-0.5447686690633687,-0.28235682432065873,10,-0.488943623426382,0.021439737146246637,9
depth_p90,a_dg,-0.5234851607548305,0.08791985690807538,-0.6106985500551223,-0.31800521927012254,10,-0.49906951286261625,0.014840101944762879,9
frac_deep_6A,b_p,0.1805423745264348,0.01815805377014906,0.15260369122495793,0.2054900162145142,10,0.22633486846575662,0.3598904423126278,0
frac_deep_6A,abs_b_p,-0.010196733704748932,0.11018188485828588,-0.25097404869106327,0.16773588314032148,6,0.04050202909387225,0.6984739000642399,0
frac_deep_6A,a_p,0.3088080904739268,0.03741472786028028,0.24258068080587838,0.3716392579383917,10,0.27874925905782666,0.11681698627984179,0
frac_deep_6A,ddg_pcc,0.12064600471724991,0.031673563016274775,0.09115420219830847,0.20213378909816765,10,0.14056586567873305,0.5461647311895456,0
frac_deep_6A,a_dg,0.30880809018444905,0.037414727464667494,0.2425806765408213,0.3716392561818036,10,0.27874925905782666,0.11681698651378125,0
frac_H,b_p,-0.3197845608164736,0.1030290380850999,-0.5221088402176703,-0.198444287822611,10,-0.3365528281627185,0.141728339691086,3
frac_H,abs_b_p,0.009501320311231081,0.1841307382510222,-0.18350407732782636,0.4997935606612395,4,-0.06070514375451105,0.6409567467750505,1
frac_H,a_p,-0.21000065789870143,0.04445149869575818,-0.3136585529925443,-0.1461157859816855,10,-0.2571670685488211,0.29535095083098006,0
frac_H,ddg_pcc,-0.04421688337889383,0.06504338658315567,-0.17857737219150996,0.054734377873963465,7,0.05875753182203464,0.7399858183982579,0
frac_H,a_dg,-0.2100006593264668,0.04445149931230854,-0.3136585563872229,-0.1461157880158368,10,-0.2571670685488211,0.2953509477909518,0
frac_E,b_p,0.33835197132002753,0.1099136526613448,0.2330644679591614,0.5356330557454194,10,0.34103485710834003,0.123690850896734,4
frac_E,abs_b_p,0.04057990389371202,0.17646607786624713,-0.4546353267900891,0.19360055339533783,9,0.18146229370337463,0.5832481964493342,1
frac_E,a_p,0.06636260792402912,0.09187543155118234,-0.02843279007195383,0.3031311718824013,8,0.13383771109679804,0.7354161821101306,0
frac_E,ddg_pcc,0.07698386286497313,0.07225832157517376,-0.032095818615085425,0.2232858511521306,8,-0.08321942635405254,0.6726791145320564,0
frac_E,a_dg,0.06636260987933364,0.09187543193921623,-0.028432788919544358,0.3031311744223485,8,0.13383771109679804,0.7354161776829382,0
frac_C,b_p,0.1360220335403878,0.0700987078122951,0.003126134934558683,0.2531449043178338,10,0.16321059412226863,0.513924644832724,0
frac_C,abs_b_p,-0.09771402448436275,0.13696848940988177,-0.3498204850938112,0.14400283481756287,7,-0.098397525023026,0.5336444218562231,0
frac_C,a_p,0.37761787129693514,0.08469007941447657,0.18658462877243998,0.49176546862266485,10,0.30442419142006905,0.07515864197503822,6
frac_C,ddg_pcc,-0.0370625025580643,0.025885419032260996,-0.08595556481157623,0.012428870424430253,9,-0.035638969948484645,0.8426778363203911,0
frac_C,a_dg,0.3776178710816435,0.08469007833414142,0.18658463216231322,0.4917654670029171,10,0.30442419142006905,0.07515864136609801,6
n_helix_seg,b_p,-0.40766406926132515,0.08524958457176894,-0.5939292145829365,-0.3169340750239088,10,-0.407839974839934,0.047825996933524684,6
n_helix_seg,abs_b_p,0.18606519012313133,0.15625338259128987,0.02666121768705298,0.5956832802148556,10,0.0087340570416721,0.457885440759787,1
n_helix_seg,a_p,-0.22292880642522678,0.04615753611467873,-0.34295830170911046,-0.1708042788070449,10,-0.2832495187620418,0.2666257243548767,0
n_helix_seg,ddg_pcc,-0.21223661451531856,0.08346435798492731,-0.319296496182285,-0.08237968285389796,10,0.011741811784499588,0.3192709014554322,0
n_helix_seg,a_dg,-0.2229288074076793,0.04615753653224474,-0.34295830426516616,-0.17080427905714418,10,-0.2832495187620418,0.26662572239609245,0
mean_helix_len,b_p,-0.07481963232866869,0.10098746828766879,-0.28938267817206803,0.07697329180276255,7,-0.08497719641565628,0.6328737861274458,0
mean_helix_len,abs_b_p,-0.03833667358499209,0.15026862514091543,-0.25813970609182557,0.32473738644906,8,0.0019774913193042233,0.5959418669274823,0
mean_helix_len,a_p,-0.055723122626970344,0.04302481751465452,-0.1292106680194338,0.019010431574787438,9,-0.09730905200409509,0.7677407233322003,0
mean_helix_len,ddg_pcc,0.12306486043489431,0.06365325521537771,-0.01501710764407196,0.23708860959266032,9,0.08871245779656425,0.5388443865366315,0
mean_helix_len,a_dg,-0.055723123643796744,0.04302481710788713,-0.12921066805657971,0.019010432483564762,9,-0.09730905200409509,0.7677407185965117,0
n_strand_seg,b_p,0.18873485098379048,0.12174499685663898,0.041495256288893834,0.3993062064551473,10,0.19181724193535138,0.4198096121651355,1
n_strand_seg,abs_b_p,-0.02494774408578287,0.13378605701657678,-0.3987765102221027,0.09772367518006844,4,0.08598131026552129,0.7487351988474666,1
n_strand_seg,a_p,0.016729962039309935,0.04287143325559006,-0.03268779158762396,0.11624843223092493,6,0.0731325734013661,0.8722494471346675,0
n_strand_seg,ddg_pcc,0.012589871818243564,0.0732122918958477,-0.09450544464381827,0.1497798571766368,7,-0.11940464085826985,0.7529337953238171,0
n_strand_seg,a_dg,0.016729963621094964,0.04287143390226325,-0.03268779033326822,0.11624843538805034,6,0.0731325734013661,0.8722494443862878,0
ss_order,b_p,-0.13602203354038775,0.07009870781229507,-0.25314490431783376,-0.0031261349345586623,10,-0.16321059412226863,0.5139246448327242,0
ss_order,abs_b_p,0.09771402448436275,0.1369684894098817,-0.14400283481756276,0.34982048509381103,7,0.098397525023026,0.5336444218562229,0
ss_order,a_p,-0.377617871296935,0.08469007941447658,-0.49176546862266474,-0.1865846287724399,10,-0.30442419142006905,0.07515864197503827,6
ss_order,ddg_pcc,0.037062502558064314,0.025885419032261003,-0.012428870424430291,0.08595556481157623,9,0.035638969948484645,0.8426778363203911,0
ss_order,a_dg,-0.3776178710816434,0.08469007833414142,-0.491765467002917,-0.18658463216231316,10,-0.30442419142006905,0.07515864136609801,6
n_hbond,b_p,-0.455049367341484,0.048622381950519274,-0.540912603395597,-0.38455106716627574,10,-0.4187373517544475,0.01889576986957654,10
n_hbond,abs_b_p,0.18886802141174722,0.1619356642287436,-0.033079377133953876,0.5274235143516567,8,0.00753321809057132,0.43553283155189293,1
n_hbond,a_p,-0.39443225156343525,0.042435151721988265,-0.4633008065305483,-0.3394083192535859,10,-0.45013032605188286,0.043049399038605954,6
n_hbond,ddg_pcc,-0.3269157226679048,0.07524779593408074,-0.412496905626952,-0.2003312448903686,10,-0.1747432661809251,0.11697276649482571,3
n_hbond,a_dg,-0.3944322545300815,0.042435152075489035,-0.4633008114566574,-0.33940832119550585,10,-0.45013032605188286,0.04304939742287991,6
hbond_per_res,b_p,-0.3193983696273713,0.09653318875348768,-0.5021420620060582,-0.19736390698729184,10,-0.32171890269801995,0.13702264984182672,3
hbond_per_res,abs_b_p,-0.004659141902484968,0.1815080709520043,-0.20617094177477796,0.4835919394953759,7,-0.09166552706616207,0.6401158235903206,1
hbond_per_res,a_p,-0.263540320765956,0.04332080278226226,-0.3633273119455903,-0.2062933503142745,10,-0.2859723579537955,0.18570393055628606,0
hbond_per_res,ddg_pcc,-0.11767002602590956,0.05690397056193474,-0.24285567473066033,-0.02515434326219066,10,0.01601204339614954,0.5667078860009,0
hbond_per_res,a_dg,-0.2635403224708966,0.04332080356802187,-0.3633273158766593,-0.20629335239601285,10,-0.2859723579537955,0.185703927957241,0
hbond_lr_per_res,b_p,0.421336365531724,0.11311032296734219,0.3149470045275673,0.6145086804619181,10,0.4281543357865759,0.052306282387986514,4
hbond_lr_per_res,abs_b_p,0.05870888873296724,0.2123069670475263,-0.5218907119855001,0.2616738919130552,9,0.14295614329136747,0.5177122704219368,1
hbond_lr_per_res,a_p,0.0953753825460322,0.09460535971895354,-0.014229726055997507,0.32524612684679327,9,0.17745238075034106,0.6599709654231025,0
hbond_lr_per_res,ddg_pcc,0.0595845379200603,0.06198705827301862,-0.029378293352702287,0.1973452163316381,7,-0.06459804976393782,0.7392222133789972,0
hbond_lr_per_res,a_dg,0.09537538472420634,0.09460536000044306,-0.014229723593597293,0.3252461291108329,9,0.17745238075034106,0.6599709601876061,0
hbond_lr_frac,b_p,0.3738499217858216,0.12264371620184011,0.24793358920846087,0.6040474141719673,10,0.39250796554212297,0.09506669299359642,4
hbond_lr_frac,abs_b_p,0.05984617898022524,0.2151215669945231,-0.5392638904789171,0.25722317960304464,9,0.11866647563036561,0.5013180767148993,1
hbond_lr_frac,a_p,0.08258893674655493,0.07387966612525255,-0.013784552523886629,0.25901470578245156,9,0.18034669093025724,0.6883100059358992,0
hbond_lr_frac,ddg_pcc,0.04758271172414903,0.06218788859120579,-0.034973207115053195,0.18589719508875593,7,-0.069640723727559,0.753509813159056,0
hbond_lr_frac,a_dg,0.08258893918922158,0.07387966677093522,-0.013784549748336908,0.2590147092345031,9,0.18034669093025724,0.6883099998976181,0
n_saltbridge,b_p,0.07931038321077702,0.066767069675894,-0.03966326306043829,0.17872386851083638,9,0.18019115908270253,0.6709600087327595,0
n_saltbridge,abs_b_p,-0.10593605896694529,0.08517860212292079,-0.22887456439452591,0.05663333922108635,9,-0.03502942885353497,0.5746600560464414,0
n_saltbridge,a_p,-0.24456763305346335,0.03606241354371678,-0.30470162006971874,-0.16662136592790702,10,-0.17857484494308043,0.21753053690085888,0
n_saltbridge,ddg_pcc,0.011549831372373453,0.048708655905323216,-0.06738848390509183,0.06286342665950986,7,-0.17492420438634765,0.8136735063682712,0
n_saltbridge,a_dg,-0.24456763270875626,0.036062413169070856,-0.30470161756764486,-0.16662136705266295,10,-0.17857484494308043,0.2175305374153787,0
saltbridge_per_res,b_p,0.03162349553589397,0.09223708312034559,-0.13847291806809878,0.15265088684467681,7,0.19287872849372806,0.6610156120706643,0
saltbridge_per_res,abs_b_p,-0.09047389110575191,0.09847142977552208,-0.21009756158811782,0.08165250683392493,7,-0.061983039275959474,0.564279562658389,0
saltbridge_per_res,a_p,-0.2438317378225449,0.032423849947187035,-0.282746299251203,-0.1813432405757068,10,-0.12180228707918325,0.21750002347805783,0
saltbridge_per_res,ddg_pcc,0.033844406414721126,0.041052472664358436,-0.034064136779304005,0.08434978724864264,7,-0.0843056981402577,0.8050264236739892,0
saltbridge_per_res,a_dg,-0.24383173723881182,0.03242384971713394,-0.28274629681723484,-0.18134324183972877,10,-0.12180228707918325,0.21750002452215145,0
frac_charged,b_p,0.26179337944869824,0.1368950748501187,0.0018254207350201918,0.42683698944708426,10,0.2672600927631392,0.2794031792435057,2
frac_charged,abs_b_p,-0.09033644536139376,0.06813372805183782,-0.20090538919971834,0.00887291046885091,9,-0.007257293224944348,0.6589788223268458,0
frac_charged,a_p,-0.016092000800839994,0.06120855084128575,-0.08467112802982174,0.1439529356425395,8,0.1232918267875451,0.8188017427378327,0
frac_charged,ddg_pcc,0.2873602821395587,0.025647650144035763,0.2436807218790433,0.3285363798401386,10,0.36584973657370395,0.14171346240435917,0
frac_charged,a_dg,-0.016091999684854873,0.06120854961448217,-0.08467112512350078,0.14395293275760507,8,0.1232918267875451,0.8188017482261862,0
net_charge,b_p,-0.08997719439492277,0.030644326366499032,-0.1298240984785038,-0.02840015304623969,10,-0.011640110623480986,0.6523336283055252,0
net_charge,abs_b_p,-0.17707495966570802,0.06478287684643687,-0.32373249370013885,-0.08569401923976934,10,-0.13940418199073656,0.3919867627444463,0
net_charge,a_p,0.2600836100116043,0.12933094671454604,-0.09645843698000794,0.4004454087691734,9,0.3306899999032741,0.18457470061368222,1
net_charge,ddg_pcc,0.19132332777441277,0.059448559067851674,0.015921303824995327,0.23262416215327497,10,0.13702073076783333,0.34771187045522384,0
net_charge,a_dg,0.2600836097657351,0.1293309456501832,-0.09645843349466093,0.4004454090707144,9,0.3306899999032741,0.1845747027686169,1
net_charge_per_res,b_p,-0.08018783528782299,0.031707045199993615,-0.12455999391137319,-0.019485948679806214,10,0.010707930758314114,0.6883768620143818,0
net_charge_per_res,abs_b_p,-0.17651369174713294,0.06040597082846199,-0.3098632448842061,-0.10231380041589741,10,-0.204080562687869,0.3905311218640152,0
net_charge_per_res,a_p,0.27619283585483184,0.13248371257872757,-0.08702777658225799,0.42325639484730887,9,0.3496646033814696,0.16992540582614263,1
net_charge_per_res,ddg_pcc,0.21633617658384421,0.06203072555067427,0.03644908990430121,0.2772731055862589,10,0.21736277859012562,0.29029881743340724,0
net_charge_per_res,a_dg,0.27619283568842967,0.13248371148066238,-0.0870277729470385,0.4232563950544593,9,0.3496646033814696,0.16992540786794913,1
packing_frac,b_p,-0.3157875979314949,0.05877861292171733,-0.41735469490431915,-0.24499051567401917,10,-0.28117131910235355,0.11748304011192381,3
packing_frac,abs_b_p,0.2337355429801124,0.1325428927576564,-0.007636882508585987,0.46255521720443094,9,0.2298303229337712,0.31829254840308474,1
packing_frac,a_p,-0.628410629598909,0.04650172049749568,-0.6920256022559318,-0.5152388037342075,10,-0.6495894909688014,0.0007886339448147149,10
packing_frac,ddg_pcc,-0.43061775763188875,0.03783551204649637,-0.4763929676034776,-0.35875062371577393,10,-0.4534756431308155,0.025528880351100104,9
packing_frac,a_dg,-0.6284106283552018,0.04650171997969376,-0.6920256006028308,-0.5152388045061651,10,-0.6495894909688014,0.0007886339488533489,10
void_vol_per_res,b_p,0.3134539314600917,0.05831194285612332,0.24793864746278912,0.4164848247382367,10,0.290311986863711,0.12003502586699158,3
void_vol_per_res,abs_b_p,-0.24105178915690756,0.12715391105032187,-0.4657639855278905,-0.0031673226717933347,10,-0.23557744937055283,0.30219535636455513,1
void_vol_per_res,a_p,0.6172636774626049,0.05014575197019671,0.49719706124178686,0.691242072793623,10,0.6586206896551723,0.0011109309869642133,10
void_vol_per_res,ddg_pcc,0.43015268720333594,0.03521484196506117,0.36078153300542715,0.47034209591350395,10,0.4558292282430213,0.025275608330754547,9
void_vol_per_res,a_dg,0.617263676124926,0.050145751364287686,0.49719706212075715,0.6912420709707899,10,0.6586206896551723,0.001110930991288076,10
ca_nb10_mean,b_p,-0.010168881577954935,0.09559678466345962,-0.1421409573508305,0.11677407748908415,5,0.011001642036124793,0.6587793794021982,0
ca_nb10_mean,abs_b_p,0.2441444484351288,0.103373358953364,-0.008551477498650192,0.36857075748025997,9,0.19961685823754788,0.261068470002669,0
ca_nb10_mean,a_p,-0.29709289643886005,0.050658922044129535,-0.37566656747995203,-0.21934571235489997,10,-0.2756431308155446,0.13784452325863797,1
ca_nb10_mean,ddg_pcc,-0.1383286010306286,0.043216185214834876,-0.1906829908586784,-0.03591140045921728,10,-0.20388615216201425,0.491802509879591,0
ca_nb10_mean,a_dg,-0.2970928947642414,0.05065892160128713,-0.37566656578550744,-0.21934571327100963,10,-0.2756431308155446,0.13784452532260028,1
ca_nb10_std,b_p,0.08541001893288018,0.07096239746598813,-0.008494481596123454,0.24537135186480374,9,0.05927750410509032,0.6797105996382168,0
ca_nb10_std,abs_b_p,0.0687014250134837,0.13881786853599715,-0.2671389118812644,0.24259140710698715,8,-0.01652983032293377,0.5520313342740855,0
ca_nb10_std,a_p,0.10264514260307052,0.04511212883496077,0.03534593225696236,0.17242542113888326,10,0.053639846743295014,0.612175246907142,0
ca_nb10_std,ddg_pcc,0.1858164163154566,0.051138326833354335,0.11449927972570659,0.3184317316017377,10,0.2277504105090312,0.35938949401221376,0
ca_nb10_std,a_dg,0.10264514497731407,0.04511212818721642,0.0353459336147275,0.17242542258275237,10,0.053639846743295014,0.6121752383265172,0
frac_core_nb10_gt20,b_p,0.07761663312719633,0.08563884270054427,-0.038072895024687824,0.21463859079125475,8,0.08396551331199761,0.6637178355395282,0
frac_core_nb10_gt20,abs_b_p,0.14574653509644991,0.12866918631506455,-0.1835800602969898,0.2777155218382502,9,0.1622895081170574,0.37830672218578626,0
frac_core_nb10_gt20,a_p,-0.090732425143413,0.03878943087806476,-0.15619467515050078,-0.04826471947974288,10,-0.10179380723440808,0.6525505189215013,0
frac_core_nb10_gt20,ddg_pcc,0.040479938132579524,0.04546719395753256,-0.03629374289056638,0.14721747724269893,9,-0.0666849396329792,0.8137713622010659,0
frac_core_nb10_gt20,a_dg,-0.0907324227889085,0.0387894307253125,-0.15619467185913438,-0.04826471627387438,10,-0.10179380723440808,0.6525505273342909,0
frac_gly,b_p,0.074404266971869,0.07470878701837876,-0.06813998866096815,0.15733110073502476,7,0.052330114640344615,0.6532210969153303,0
frac_gly,abs_b_p,-0.13743384523178565,0.10316132074156192,-0.25831458290744214,0.10288092879184238,9,-0.1086624276764411,0.44560708462806203,0
frac_gly,a_p,0.1317162600783659,0.08252492739564225,-0.08031084756506396,0.23618103640805047,9,0.1464091892582926,0.46602368665674304,0
frac_gly,ddg_pcc,0.02162698525056359,0.046690404075639416,-0.06807393191905589,0.08189085167280384,7,-0.016694101527485523,0.8135861934682562,0
frac_gly,a_dg,0.13171626212632817,0.08252492564906597,-0.08031084098113944,0.23618103745880742,9,0.1464091892582926,0.46602368453893206,0
frac_pro,b_p,-0.11338084553479381,0.049736985456473634,-0.1750735246419584,-0.03391123220960876,10,-0.15648137463475773,0.5767670111923298,0
frac_pro,abs_b_p,0.11478633401426375,0.07304185453526209,0.009380609738254704,0.24233945002840193,10,0.22063599775559273,0.5862325943863058,0
frac_pro,a_p,0.08443375489227994,0.056240721688399754,0.01280364590216791,0.15971928266359087,10,-0.04212116861884809,0.6810656952865096,0
frac_pro,ddg_pcc,-0.008533114553284354,0.02739252871509749,-0.0562813497118173,0.055750870486029544,8,-0.1976159706639646,0.921232387791191,0
frac_pro,a_dg,0.08443375347935529,0.0562407216788786,0.012803644427313007,0.15971928019449144,10,-0.04212116861884809,0.6810657003084285,0
frac_aromatic,b_p,-0.21277132911017907,0.1134073014378582,-0.3365935444480255,-0.010023760455866546,10,-0.1441204775880336,0.34844693284635764,0
frac_aromatic,abs_b_p,0.07914324728939288,0.09823310284754819,-0.13888914071887298,0.1897124380269372,8,0.0019164957126068312,0.5679992165859571,0
frac_aromatic,a_p,-0.28855835373412353,0.05690762507868259,-0.35762090952733333,-0.16775050234409766,10,-0.23657770646622311,0.154406037345306,0
frac_aromatic,ddg_pcc,-0.5213695137568157,0.07547492957725703,-0.5769410967027152,-0.2989164111885718,10,-0.47041756191443646,0.014716318657721003,9
frac_aromatic,a_dg,-0.28855835764283566,0.056907626000863874,-0.3576209106620153,-0.16775050528822824,10,-0.23657770646622311,0.1544060322334902,0
frac_ILVFM,b_p,0.10429242009730096,0.10635313839478282,0.004795070438295973,0.30342066435277765,10,0.17773521898071254,0.6532274429998071,0
frac_ILVFM,abs_b_p,0.15183154012806216,0.11517196302955715,-0.04277358208588375,0.2770642962160233,8,0.10614818316937472,0.45228029318755614,0
frac_ILVFM,a_p,-0.010788279430485163,0.08569295399178105,-0.12401194333942447,0.13126618709923135,6,0.02262084605209069,0.7085488913219031,0
frac_ILVFM,ddg_pcc,-0.17781981240776348,0.04010142268783473,-0.24531780604443615,-0.10064456774297711,10,-0.2563604599196379,0.3748260285745455,0
frac_ILVFM,a_dg,-0.010788277340321667,0.08569295430690521,-0.12401194166725885,0.13126618897014322,6,0.02262084605209069,0.7085488908524584,0
