protein,a_p,b_p,abs_b_p,ddg_pcc,a_dg,designed,has_plddt,n_res,bfac_mean,bfac_std,bfac_all_zero,Rg,Rg_over_N13,asphericity,acylindricity,shape_aniso,hull_vol,hull_area,sphericity,vol_per_res,n_contacts,contact_density,CO_abs,RCO,LRO,frac_longrange,CO_heavy_abs,RCO_heavy,heavy_contact_density,SASA_total,SASA_per_res,SASA_over_N23,RSA_mean,frac_buried_rsa20,frac_buried_rsa05,frac_exposed_rsa50,mean_hydropathy,buried_hydrophobic_frac,exposed_hydrophobic_frac,hydrophobic_moment_proxy,depth_mean,depth_max,depth_p90,frac_deep_6A,frac_H,frac_E,frac_C,n_helix_seg,mean_helix_len,n_strand_seg,ss_order,n_hbond,hbond_per_res,hbond_lr_per_res,hbond_lr_frac,n_saltbridge,saltbridge_per_res,frac_charged,net_charge,net_charge_per_res,n_disulfide,n_cys,packing_frac,void_vol_per_res,ca_nb10_mean,ca_nb10_std,frac_core_nb10_gt20,frac_gly,frac_pro,frac_aromatic,frac_ILVFM
1GYZ,0.5124178564382987,0.3817643899999997,0.7282093899999997,0.6888925187800791,0.5124178543830814,False,True,59,87.81820128479659,5.331978008592092,0,9.904511451721191,2.5441871488339025,0.2426843265377609,0.0342406332492828,0.0597749584215883,8981.899908586242,2297.394987763109,0.9095514335004836,152.23559167095326,144,2.440677966101695,10.29861111111111,0.1745527306967985,0.5423728813559322,0.2222222222222222,13.00438596491228,0.2204133214391912,3.864406779661017,4302.194482295458,72.91855054738065,283.8716559316261,0.2996830497531463,0.3389830508474576,0.1864406779661017,0.2033898305084746,-0.0067796610169491,0.288135593220339,0.0169491525423728,0.6724294831569007,1.987249374175187,4.905493778487998,3.896290466726541,0.0,0.7966101694915254,0.0,0.2033898305084746,4,11.75,0,0.7966101694915254,105,1.7796610169491525,0.0,0.0,1,0.0169491525423728,0.2542372881355932,3.0,0.0508474576271186,0,0,0.9696092052957056,4.626560613158722,15.11864406779661,4.170455999791105,0.1186440677966101,0.0508474576271186,0.0169491525423728,0.0847457627118644,0.3220338983050847
1PSE,0.5532741568304634,0.9364152599999999,0.9364152599999999,0.684138236105045,0.553274156964566,False,True,68,95.15862264150944,2.7424805926381315,0,12.201558113098145,2.989365296290343,0.4397491972323091,0.0549961701035499,0.1956478526895916,12309.16694430169,2904.434989411756,0.8876496218576557,181.0171609456131,155,2.2794117647058822,19.83870967741936,0.2917457305502846,1.411764705882353,0.6193548387096774,22.23706896551724,0.3270157200811359,3.411764705882353,4967.514974030737,73.05169079456967,298.17180643534385,0.2886037959379128,0.3235294117647059,0.1911764705882352,0.1764705882352941,-0.1647058823529411,0.1617647058823529,0.0588235294117647,0.3516538056578073,1.8213489616138308,4.771303561495696,3.868517745185721,0.0,0.0,0.5147058823529411,0.4852941176470588,0,0.0,9,0.5147058823529411,46,0.6764705882352942,0.3235294117647059,0.4782608695652174,3,0.0441176470588235,0.2205882352941176,1.0,0.0147058823529411,0,0,0.801116694599942,36.00129130299782,14.735294117647058,4.5232004775992,0.1029411764705882,0.1176470588235294,0.0147058823529411,0.1176470588235294,0.2941176470588235
1QKH,0.21256660839614278,-1.6413355200000002,1.6413355200000002,0.5170782615810066,0.21256660935538338,False,True,68,94.91580586080586,2.3851912999593026,0,10.725159645080566,2.627649661051089,0.248658079729985,0.0680454671382904,0.0653035224218262,9782.28793227141,2450.259734046531,0.902746117123818,143.85717547457958,172,2.5294117647058822,15.325581395348838,0.225376196990424,1.5147058823529411,0.5988372093023255,16.333333333333332,0.2401960784313725,3.882352941176471,4343.096366167461,63.86906420834502,260.6914917806782,0.2497472065793152,0.4264705882352941,0.25,0.1176470588235294,-0.1911764705882352,0.2647058823529412,0.0,0.5645691082534231,2.157114383109556,5.19270606610111,4.11994713747713,0.0,0.25,0.4117647058823529,0.3382352941176471,2,8.5,5,0.6617647058823529,69,1.0147058823529411,0.2205882352941176,0.217391304347826,4,0.0588235294117647,0.25,1.0,0.0147058823529411,0,0,1.042355617075119,-6.093159437909488,15.5,3.990798239479828,0.088235294117647,0.0735294117647058,0.0441176470588235,0.0735294117647058,0.3382352941176471
1QP2,0.34356309675051155,0.18758464999999985,0.34146475000000004,0.5697210841038371,0.3435630954282096,False,True,63,94.59930966469427,4.082583989138268,0,10.622825622558594,2.669684065229754,0.2426147413234273,0.0611582472920417,0.0616671213224464,9652.541617148448,2378.329868702565,0.921806620468009,153.21494630394363,156,2.4761904761904763,19.82692307692308,0.3147130647130647,1.5238095238095235,0.6153846153846154,21.363636363636363,0.3391053391053391,3.6666666666666665,4365.893729098911,69.29990046188747,275.74826843937586,0.2724579706180443,0.3333333333333333,0.1904761904761904,0.1428571428571428,-0.2761904761904761,0.1904761904761904,0.0158730158730158,0.4468865602419663,1.9191179185797305,4.838004810133566,3.909632248020465,0.0,0.0,0.5079365079365079,0.492063492063492,0,0.0,8,0.5079365079365079,48,0.7619047619047619,0.365079365079365,0.4791666666666667,3,0.0476190476190476,0.2539682539682539,-2.0,-0.0317460317460317,0,0,0.9767627509842588,3.5602938601981777,15.46031746031746,4.8200157966723856,0.1587301587301587,0.0634920634920634,0.0317460317460317,0.1111111111111111,0.3174603174603174
1TUC,0.4680069186559611,0.9548993299999999,0.9639269500000001,0.753761452477585,0.46800691860777804,False,True,59,93.92659619450316,7.397394092887193,0,10.304142951965332,2.6468411093191184,0.2314436044334625,0.0402007550001144,0.0547782144811301,9504.76382566088,2395.2335045022114,0.9059352391191718,161.0976919603539,151,2.559322033898305,20.582781456953644,0.3488607026602312,1.4745762711864407,0.5761589403973509,21.404761904761905,0.3627925746569814,3.559322033898305,4319.284237392978,73.2082074134403,284.9992890730294,0.2891354935982665,0.3559322033898305,0.1694915254237288,0.1694915254237288,-0.5203389830508475,0.2203389830508474,0.0,0.6313040217661986,2.016699311108193,4.872346821160172,3.522173474196241,0.0,0.0,0.6440677966101694,0.3559322033898305,0,0.0,7,0.6440677966101694,42,0.711864406779661,0.3898305084745763,0.5476190476190477,3,0.0508474576271186,0.288135593220339,1.0,0.0169491525423728,0,0,0.9275590674597872,11.67006703568395,14.745762711864408,4.732123257055497,0.1525423728813559,0.0847457627118644,0.0338983050847457,0.1016949152542373,0.2711864406779661
1W4H,0.9473242854956269,-0.11105995999999996,0.57883628,0.8292745284184109,0.947324285908923,False,True,44,81.92577507598783,9.500765834969776,0,9.522531509399414,2.697334825040689,0.3377109989756361,0.1752289086580276,0.1370776652464544,7072.469896052647,2003.6478561171152,0.8892901189298306,160.7379521830147,90,2.0454545454545454,8.422222222222222,0.1914141414141414,0.4545454545454545,0.2222222222222222,9.786259541984732,0.2224149895905621,2.977272727272727,3744.757413257809,85.10812302858658,300.46132045669646,0.3520545337605736,0.2272727272727272,0.1136363636363636,0.2727272727272727,-0.4772727272727272,0.1590909090909091,0.0227272727272727,0.6292100879397029,1.3398657385423638,4.908130800996067,2.732161484734458,0.0,0.4545454545454545,0.1363636363636363,0.4090909090909091,2,10.0,2,0.5909090909090908,56,1.2727272727272727,0.0227272727272727,0.0178571428571428,1,0.0227272727272727,0.2954545454545454,1.0,0.0227272727272727,0,0,0.857731937664688,22.867877000823537,13.136363636363637,4.590459023843561,0.0681818181818181,0.0909090909090909,0.0227272727272727,0.0,0.2272727272727272
2BTH,0.36294326788267073,-0.5106152679000002,0.9717334078999997,0.7893004710626446,0.36294326978541175,False,True,44,84.06714714714715,9.81735978369398,0,9.556387901306152,2.706924924569384,0.3315663044556128,0.1759637296199798,0.1331586146475698,7005.709774444785,1996.232806623668,0.8869674800967312,159.2206766919269,89,2.022727272727273,8.48314606741573,0.1927987742594484,0.4545454545454545,0.2247191011235955,9.7578125,0.2217684659090909,2.909090909090909,3746.599844251804,85.14999646026827,300.6091482565284,0.3473587759830068,0.25,0.1136363636363636,0.2727272727272727,-0.425,0.1818181818181818,0.0227272727272727,0.6697800325723515,1.5229014191149803,4.91898365762053,2.8002563668251743,0.0,0.4545454545454545,0.1363636363636363,0.4090909090909091,2,10.0,2,0.5909090909090908,56,1.2727272727272727,0.0227272727272727,0.0178571428571428,1,0.0227272727272727,0.2954545454545454,1.0,0.0227272727272727,0,0,0.8783667331924011,19.36653104935559,13.045454545454543,4.557484081927746,0.0681818181818181,0.0909090909090909,0.0227272727272727,0.0227272727272727,0.2272727272727272
2K1B,0.7674331425331593,1.13270224,1.15296534,0.8042667303349736,0.7674331425850358,False,True,49,90.24532863849768,5.066303623326758,0,10.15434455871582,2.774937478140376,0.28940089724495,0.1267096549272537,0.0957943060704877,8912.79770367198,2307.494073791473,0.9009200032273568,181.89383068718328,108,2.204081632653061,11.925925925925926,0.2433862433862433,0.979591836734694,0.4444444444444444,13.431506849315069,0.2741123846798993,2.979591836734694,4165.786372196957,85.0160484121828,311.0997113982899,0.3170175302865443,0.3061224489795918,0.1020408163265306,0.2040816326530612,-0.8755102040816326,0.1632653061224489,0.0612244897959183,0.3539672627263945,2.08690249725847,6.4338864037852055,3.618294102398975,0.0204081632653061,0.1632653061224489,0.3877551020408163,0.4489795918367347,1,8.0,3,0.5510204081632653,45,0.9183673469387756,0.2653061224489796,0.2888888888888888,6,0.1224489795918367,0.3877551020408163,3.0,0.0612244897959183,0,0,0.8958495143500684,18.94433080279657,13.387755102040815,4.814164163495696,0.0816326530612244,0.0408163265306122,0.0816326530612244,0.1428571428571428,0.2448979591836734
2K28,0.633788500467489,0.8942376100000002,0.96649337,0.8171064536729327,0.6337885007912891,False,True,50,93.03977064220184,5.66905158019881,0,10.352704048156738,2.810156224771005,0.224052912782007,0.1393560618162155,0.0647647686188527,9154.681560886638,2408.493315712117,0.8786869450353564,183.0936312177328,109,2.18,11.504587155963304,0.230091743119266,0.92,0.4220183486238532,13.638157894736842,0.2727631578947368,3.04,4230.513912541412,84.61027825082823,311.70693018477886,0.3232144658143667,0.28,0.12,0.14,-0.99,0.18,0.02,0.4169426775814552,2.0326424514878694,5.889652439874224,3.952712826807471,0.0,0.2,0.38,0.42,1,10.0,3,0.5800000000000001,47,0.94,0.26,0.2765957446808511,3,0.06,0.38,3.0,0.06,0,0,0.8878656282552687,20.531089307061997,13.08,4.555611923770505,0.08,0.04,0.06,0.12,0.24
2K5H,0.4423817359041268,2.15462522,2.15462522,0.8435881707360903,0.4423817472966853,False,True,62,87.23557734204795,9.356794895866908,0,10.044759750366213,2.537906729380422,0.2785036489782301,0.0731326267123222,0.0815755059945861,8634.789325140977,2227.865388155476,0.9136145527310436,139.27079556678996,177,2.8548387096774195,17.327683615819208,0.279478767997084,1.7258064516129032,0.6045197740112994,18.5,0.2983870967741935,3.838709677419355,4242.514243557817,68.42764908964222,270.82921820205,0.2802638068228583,0.3064516129032258,0.2096774193548387,0.1129032258064516,0.0903225806451611,0.1935483870967742,0.032258064516129,0.5585114814401774,2.013963849677328,5.003110912229974,3.1415598608772903,0.0,0.0806451612903225,0.6451612903225806,0.2741935483870967,1,5.0,7,0.7258064516129032,48,0.7741935483870968,0.4193548387096774,0.5416666666666666,3,0.0483870967741935,0.2903225806451613,-2.0,-0.032258064516129,0,0,0.9856069771079315,2.004527748789388,16.516129032258064,5.7774364654561925,0.2580645161290322,0.1129032258064516,0.0161290322580645,0.0161290322580645,0.3387096774193548
2KVS,0.1099333680505696,-4.1680230034,4.1680230034,0.278712633285791,0.10993336794944848,False,True,67,94.1376618705036,4.135269331835536,0,10.525764465332031,2.5915646460464234,0.0714177059107364,0.1122259497642517,0.014546507140332,10471.959652270398,2514.8828110898667,0.92041780675894,156.29790525776713,157,2.343283582089552,10.738853503184714,0.1602813955699211,0.582089552238806,0.2484076433121019,13.33846153846154,0.1990815154994259,3.880597014925373,4581.796894482593,68.3850282758596,277.7490816927417,0.2811974758673046,0.3880597014925373,0.1791044776119403,0.1343283582089552,-0.3477611940298508,0.2238805970149253,0.0149253731343283,0.4679808700729063,2.238778022324923,5.644640055666626,4.505308279031371,0.0,0.7014925373134329,0.0,0.2985074626865671,4,11.75,0,0.7014925373134329,112,1.671641791044776,0.0,0.0,1,0.0149253731343283,0.1940298507462686,-3.0,-0.044776119402985,0,0,0.989718684918426,1.60694801054513,14.71641791044776,4.206625797651873,0.1044776119402985,0.0298507462686567,0.0298507462686567,0.1343283582089552,0.3134328358208955
2KWH,0.5084984932817307,-0.46061567000000025,0.5405066300000002,0.7705718943502196,0.5084984923166587,False,True,52,89.36731818181818,6.562969088941124,0,12.359359741210938,3.311272015526913,0.7184884343741484,0.0866473764181137,0.5218565381096623,9807.410472087264,2561.6500066224485,0.8649690475225877,188.60404754013967,112,2.1538461538461537,8.8125,0.1694711538461538,0.4038461538461538,0.1875,10.548022598870055,0.2028465884398087,3.4038461538461537,4618.09456069246,88.8095107825473,331.4824898273396,0.3617111046053388,0.2115384615384615,0.0384615384615384,0.25,-0.875,0.1923076923076923,0.0576923076923076,0.5306283843430876,1.7817101500949954,4.492647676971975,2.8261472625416824,0.0,0.8653846153846154,0.0,0.1346153846153846,2,22.5,0,0.8653846153846154,100,1.9230769230769231,0.0,0.0,7,0.1346153846153846,0.4038461538461538,3.0,0.0576923076923076,0,0,0.8317263823760269,31.73708537810311,13.192307692307692,3.530299952054965,0.0,0.0576923076923076,0.0,0.0384615384615384,0.2884615384615384
2KXD,0.31791978512451313,-2.430324577,2.430324577,0.789030795660163,0.3179197843787599,False,True,71,88.8063309352518,6.390915105873482,0,11.074539184570312,2.6744811906087587,0.2514008222511691,0.0364948436617851,0.0642013141110641,11549.894768725077,2671.7873799149206,0.924842080323094,162.6745742073954,171,2.408450704225352,22.385964912280706,0.3152952804546577,1.4647887323943662,0.6081871345029239,22.93975903614458,0.3230951976921771,3.507042253521127,4856.231744896135,68.39763020980472,283.22212119122014,0.2702125894554255,0.352112676056338,0.2112676056338028,0.1549295774647887,-0.5408450704225352,0.2112676056338028,0.0,0.6047137538320049,2.022781709098384,5.514174295580505,4.598232456824164,0.0,0.0,0.6338028169014085,0.3661971830985915,0,0.0,8,0.6338028169014085,48,0.676056338028169,0.323943661971831,0.4791666666666667,2,0.028169014084507,0.2676056338028169,1.0,0.0140845070422535,0,0,0.8974686811318766,16.67923863979466,15.464788732394366,5.885841177250428,0.2394366197183098,0.0985915492957746,0.0704225352112676,0.0985915492957746,0.2394366197183098
2L33,0.6167633559874639,0.99413348,1.09402088,0.7855954284989081,0.6167633567571696,False,True,71,96.3554332129964,2.9925370308349675,0,11.942343711853027,2.884054414980604,0.4695181773966006,0.1408067494630813,0.235317165768802,10836.731352770712,2702.975236601004,0.8761415209637411,152.6300190531086,198,2.788732394366197,13.01010101010101,0.1832408592971973,1.1267605633802815,0.404040404040404,16.830882352941178,0.2370546810273405,3.8309859154929575,4737.30659791486,66.7226281396459,276.28624288878655,0.2532347090574201,0.4225352112676056,0.1971830985915492,0.0845070422535211,-0.5845070422535213,0.2816901408450704,0.0140845070422535,0.5768621821770162,2.072803600944233,5.4087714381454965,4.01796226769791,0.0,0.3380281690140845,0.3380281690140845,0.323943661971831,2,12.0,4,0.676056338028169,72,1.0140845070422535,0.1830985915492957,0.1805555555555555,6,0.0845070422535211,0.3098591549295774,4.0,0.056338028169014,0,0,0.9523922541216868,7.266371160482508,15.549295774647888,5.871364580681218,0.2535211267605634,0.0985915492957746,0.028169014084507,0.0704225352112676,0.2676056338028169
2LQK,0.47530269101311423,-0.43643893599999994,0.569618036,0.6185672823559931,0.47530268912082657,False,True,62,88.4282515991471,5.959993769102669,0,11.027081489562988,2.78609991809589,0.3598361521804097,0.051204178482294,0.1314485072497915,9528.14042647276,2442.050067483397,0.8900238820374331,153.67968429794772,154,2.4838709677419355,16.532467532467532,0.2666527021365731,1.2741935483870968,0.512987012987013,18.90232558139535,0.3048762190547637,3.467741935483871,4359.079005164299,70.30772588974676,278.27035839473854,0.2790561743583113,0.3709677419354839,0.1451612903225806,0.1451612903225806,-0.0999999999999999,0.2258064516129032,0.0161290322580645,0.4739304856030608,1.6826908840292274,5.07299975637443,3.858338065334363,0.0,0.064516129032258,0.6290322580645161,0.3064516129032258,1,4.0,7,0.6935483870967742,53,0.8548387096774194,0.3225806451612903,0.3773584905660377,3,0.0483870967741935,0.2096774193548387,5.0,0.0806451612903225,0,0,0.9174152563206488,12.69159733646962,14.903225806451612,5.126495619437144,0.1774193548387097,0.1129032258064516,0.0967741935483871,0.0967741935483871,0.2741935483870967
2WXC,0.8815666155668156,0.1783974900000001,0.58748305,0.8455861759053047,0.8815666140378964,False,True,44,82.71570570570572,9.374855796153676,0,9.530668258666992,2.6996396257273974,0.3289571690845748,0.1750883609056472,0.1312047711207958,7154.425284340029,2011.3801495246769,0.8927019151437213,162.60057464409158,88,2.0,8.409090909090908,0.1911157024793388,0.4318181818181818,0.2159090909090909,9.546153846153846,0.2169580419580419,2.9545454545454546,3789.7064412994296,86.12969184771431,304.06781423672504,0.3499263775620241,0.2727272727272727,0.1363636363636363,0.2727272727272727,-0.425,0.2045454545454545,0.0227272727272727,0.6678400416911058,1.4875026958280926,4.914058958986986,2.8078618083392857,0.0,0.4545454545454545,0.1363636363636363,0.4090909090909091,2,10.0,2,0.5909090909090908,54,1.2272727272727273,0.0227272727272727,0.0185185185185185,1,0.0227272727272727,0.2954545454545454,1.0,0.0227272727272727,0,0,0.8601085571111371,22.746429001520237,13.090909090909092,4.635917982146587,0.0681818181818181,0.0909090909090909,0.0227272727272727,0.0227272727272727,0.2272727272727272
3DKM,0.30194196151225555,-0.3127129699999998,0.53380555,0.6343391113913783,0.30194195969925686,False,True,72,93.83219081272084,9.753240277315708,0,10.83572769165039,2.604637267875144,0.2661792820820455,0.0550690107047557,0.0731257962556537,10604.614316333298,2535.9210251685795,0.9204742677767368,147.2863099490736,197,2.736111111111111,18.85786802030457,0.2619148336153412,1.4861111111111112,0.5431472081218274,20.76173285198556,0.2883574007220216,3.8472222222222223,4551.836555787697,63.21995216371801,263.0055995797302,0.2498181170059131,0.4027777777777778,0.2222222222222222,0.0972222222222222,-0.7069444444444445,0.1666666666666666,0.0277777777777777,0.3373460992900537,1.7588145300545155,4.914834431622992,4.100573211888781,0.0,0.1111111111111111,0.4583333333333333,0.4305555555555556,1,8.0,6,0.5694444444444444,67,0.9305555555555556,0.2777777777777778,0.2985074626865671,7,0.0972222222222222,0.2361111111111111,-1.0,-0.0138888888888888,0,0,0.992925910516,1.041916536347925,15.833333333333334,5.038738819276992,0.2222222222222222,0.1666666666666666,0.0416666666666666,0.125,0.2083333333333333
4C26,0.358699467750919,-2.10399164,2.10399164,0.7692432149680382,0.35869946701296207,False,True,62,95.98902892561983,7.229806194548616,0,10.716424942016602,2.707609504971244,0.297618159460131,0.1542652249336242,0.1064248916098233,9142.236472753091,2381.3720335131206,0.8878886597608716,147.45542697988856,143,2.306451612903226,14.307692307692308,0.2307692307692307,0.9032258064516128,0.3916083916083916,16.286995515695068,0.2626934760595978,3.596774193548387,4317.911958305963,69.6437412629994,275.64237921157843,0.2888044938234702,0.3387096774193548,0.1451612903225806,0.2096774193548387,-0.4596774193548386,0.2096774193548387,0.0161290322580645,0.53548986087884,1.7851288072235938,4.887630814227763,3.830377702278479,0.0,0.3548387096774194,0.4354838709677419,0.2096774193548387,2,11.0,6,0.7903225806451613,66,1.064516129032258,0.1935483870967742,0.1818181818181818,1,0.0161290322580645,0.2580645161290322,6.0,0.0967741935483871,0,0,0.987381920601914,1.8606042853109044,14.483870967741936,4.222604056220373,0.0967741935483871,0.0806451612903225,0.0806451612903225,0.032258064516129,0.2903225806451613
6EWS,0.38323447787175724,-0.71454894,0.80805428,0.8027676138168633,0.38323447747686024,False,True,56,87.56300847457625,5.599754142599056,0,10.326818466186523,2.699213269977644,0.2834007717736235,0.0481555648148059,0.0820552673431824,9695.422768640725,2389.0349136228,0.9203919156515424,173.13254944001292,117,2.0892857142857144,10.188034188034187,0.1819291819291819,0.4821428571428571,0.2307692307692307,12.753768844221106,0.227745872218234,3.5535714285714284,4375.508598547964,78.13408211692793,298.93024423753985,0.3136576531021128,0.3035714285714285,0.1607142857142857,0.2321428571428571,-0.6732142857142858,0.2321428571428571,0.0,0.7307735426385975,2.110535108418589,4.883049863790976,3.1918625095223074,0.0,0.5714285714285714,0.2678571428571428,0.1607142857142857,2,16.0,3,0.8392857142857142,74,1.3214285714285714,0.0714285714285714,0.054054054054054,2,0.0357142857142857,0.2857142857142857,-6.0,-0.1071428571428571,0,0,0.903166912788592,16.76495925905819,13.321428571428571,4.179487079163897,0.0357142857142857,0.0178571428571428,0.0178571428571428,0.1071428571428571,0.2857142857142857
6EWT,0.3395440115165579,-0.9004003200000001,0.93605012,0.7930893243129697,0.3395440111957617,False,True,57,87.3857264957265,6.31809179055776,0,10.45424747467041,2.7164465120481958,0.2953625846569085,0.0592376887798309,0.0898708513635574,9962.827776825414,2447.916790391161,0.914694122735626,174.78645222500725,120,2.1052631578947367,10.35,0.181578947368421,0.4912280701754385,0.2333333333333333,12.880597014925373,0.2259753862267609,3.526315789473684,4514.893455650335,79.20865711667255,304.8346065204309,0.3272059984110142,0.2982456140350877,0.1403508771929824,0.2456140350877192,-0.6964912280701755,0.2280701754385964,0.0,0.7379730928886559,2.159131337398455,5.418270849707817,3.819583179593555,0.0,0.5789473684210527,0.2631578947368421,0.1578947368421052,2,16.5,3,0.8421052631578947,82,1.4385964912280702,0.0701754385964912,0.048780487804878,3,0.0526315789473684,0.2982456140350877,-1.0,-0.0175438596491228,0,0,0.8724305024343683,22.29741989162348,13.43859649122807,4.250975301341948,0.0526315789473684,0.0175438596491228,0.0175438596491228,0.0701754385964912,0.2807017543859649
6EWU,0.3597991435805209,-0.13006184000000007,0.6196794599999998,0.8052101020482647,0.35979914369355553,False,True,56,86.1984665226782,5.986900352786277,0,10.329045295715332,2.699795316406931,0.2872212619555701,0.0556047484278678,0.0848149646031073,9231.986336973896,2312.5813154946195,0.9202741309167696,164.85689887453387,115,2.0535714285714284,10.017391304347829,0.1788819875776397,0.4642857142857143,0.2260869565217391,13.375,0.2388392857142857,3.571428571428572,4278.660158276146,76.40464568350261,292.313658473296,0.3124796234151117,0.3035714285714285,0.1785714285714285,0.2142857142857142,-0.4517857142857143,0.2321428571428571,0.0,0.6976859421135798,2.0032872905406864,4.88218538739652,3.544318702639459,0.0,0.5714285714285714,0.2678571428571428,0.1607142857142857,2,16.0,3,0.8392857142857142,79,1.4107142857142858,0.0714285714285714,0.050632911392405,2,0.0357142857142857,0.2678571428571428,-5.0,-0.0892857142857142,0,0,0.9308893983471314,11.393359467845162,13.392857142857142,4.139006831477862,0.0535714285714285,0.0178571428571428,0.0178571428571428,0.0714285714285714,0.3214285714285714
HEEH_KT_rd6_0746,0.4128963721074994,0.1585708700000002,0.5427383500000001,0.7037793060426274,0.41289637482028885,True,False,43,0.0,0.0,1,9.668020248413086,2.759612262657324,0.2230311379641426,0.2395163774490356,0.0927689460491429,7220.329991835409,1960.3869678111453,0.9215389207447816,167.9146509729165,88,2.046511627906977,7.681818181818182,0.1786469344608879,0.3255813953488372,0.1590909090909091,9.792857142857144,0.2277408637873754,3.255813953488372,3741.9177527909706,87.02134308816211,304.87040458731485,0.3456390428709781,0.2790697674418604,0.0465116279069767,0.2093023255813953,-0.7069767441860464,0.2325581395348837,0.0,0.7401196904794517,1.890695694688896,5.131846669957112,3.4014945449607863,0.0,0.6046511627906976,0.2325581395348837,0.1627906976744186,2,13.0,2,0.8372093023255813,68,1.5813953488372092,0.0465116279069767,0.0294117647058823,5,0.1162790697674418,0.4651162790697674,-4.0,-0.0930232558139534,0,0,0.9516888617245228,8.112147921631076,12.186046511627907,3.538859453326002,0.0,0.0465116279069767,0.0,0.0930232558139534,0.3255813953488372
HEEH_KT_rd6_0793,0.09030280982076393,-1.6934461333999997,1.6934461333999997,0.3919277290936316,0.09030280975914262,True,False,43,0.0,0.0,1,9.194445610046388,2.6244364618479734,0.1824089471435603,0.0485077798366546,0.0350378151712986,6178.4833176778775,1807.0753543201452,0.9010781261541496,143.68565855064833,91,2.116279069767442,7.714285714285714,0.1794019933554817,0.2558139534883721,0.1208791208791208,9.867132867132868,0.2294682062123922,3.3255813953488373,3464.1435150503694,80.56147709419464,282.23892259369103,0.3138478265454829,0.2093023255813953,0.1162790697674418,0.1162790697674418,-1.1837209302325582,0.1627906976744186,0.0,0.6228029692315958,1.8980962187831063,4.848583588500695,3.9829905291111434,0.0,0.6046511627906976,0.2325581395348837,0.1627906976744186,2,13.0,2,0.8372093023255813,69,1.6046511627906976,0.0465116279069767,0.0289855072463768,6,0.1395348837209302,0.3953488372093023,-5.0,-0.1162790697674418,0,0,1.138363879958133,-19.880905211407207,12.883720930232558,3.8951926383122473,0.0232558139534883,0.0465116279069767,0.0232558139534883,0.1395348837209302,0.2093023255813953
HHH_rd1_0142,0.23488090224120164,-1.6326487899999997,1.6326487899999997,0.7624602424199707,0.23488090344502338,True,False,43,0.0,0.0,1,8.36665153503418,2.3881532702882824,0.1981688263761022,0.1680749803781509,0.0604577123514924,5964.029593609102,1711.1527003823207,0.9294411233155536,138.69836264207214,113,2.627906976744186,7.946902654867257,0.1848116896480757,0.5581395348837209,0.2123893805309734,9.421686746987952,0.2191089941159988,3.86046511627907,3297.4717077871574,76.68538855318971,268.6594415172472,0.2873395757687053,0.3023255813953488,0.1860465116279069,0.1162790697674418,-1.432558139534884,0.2790697674418604,0.0,0.7838768775771128,1.99062933307372,4.489588789356759,4.015622345601992,0.0,0.813953488372093,0.0,0.1860465116279069,3,11.666666666666666,0,0.813953488372093,78,1.813953488372093,0.0,0.0,12,0.2790697674418604,0.5348837209302325,-1.0,-0.0232558139534883,0,0,1.1294670963720406,-17.9568742828254,16.0,4.988358540665713,0.1627906976744186,0.0465116279069767,0.0232558139534883,0.0465116279069767,0.1860465116279069
HHH_rd1_0244,0.25266495345677287,-0.018505269999999907,0.67743601,0.8072728675734957,0.2526649542771621,True,False,43,0.0,0.0,1,8.532157897949219,2.435394936825247,0.2092913127698603,0.1761656701564788,0.0670786265883768,5936.162817034064,1730.316365295386,0.9162819793398032,138.05029807055962,111,2.581395348837209,7.288288288288288,0.1694950764718206,0.4418604651162791,0.1711711711711711,9.140243902439025,0.2125638116846284,3.813953488372093,3336.2750077665623,77.58779087829215,271.8209160726995,0.2993252215313811,0.3023255813953488,0.1627906976744186,0.2093023255813953,-1.6162790697674423,0.2325581395348837,0.0,0.7844919231942443,1.860044503355588,4.847038867555582,4.195055937973452,0.0,0.813953488372093,0.0,0.1860465116279069,3,11.666666666666666,0,0.813953488372093,84,1.9534883720930232,0.0,0.0,9,0.2093023255813953,0.5348837209302325,3.0,0.0697674418604651,0,0,1.0881402398291766,-12.167786380428456,15.395348837209305,4.993668246162454,0.1860465116279069,0.0697674418604651,0.0232558139534883,0.0465116279069767,0.1162790697674418
r11_1081_TrROS_Hall,0.4605184532987424,-0.5209283999999996,0.86514978,0.7580056742309826,0.4605184564058945,True,True,49,88.17101036269429,2.674735426341993,0,10.858075141906738,2.967250074834162,0.5092503140309027,0.1893375217914581,0.2862223922614992,7725.54928320322,2172.1819828376542,0.8700432237998581,157.66427108578,97,1.9795918367346936,17.237113402061855,0.3517778245318746,0.8979591836734694,0.4536082474226804,17.104895104895103,0.3490794919366348,2.9183673469387754,4024.9974305235455,82.14280470456215,300.5856342927061,0.3333243848552407,0.2244897959183673,0.1020408163265306,0.2244897959183673,-0.336734693877551,0.1632653061224489,0.0,0.6216486558219635,1.8710757626258765,4.984629595425763,3.167395665891675,0.0,0.2857142857142857,0.4285714285714285,0.2857142857142857,1,14.0,4,0.7142857142857142,53,1.0816326530612246,0.2448979591836734,0.2264150943396226,3,0.0612244897959183,0.3469387755102041,-1.0,-0.0204081632653061,0,0,0.9325416908516404,10.635765140555309,13.142857142857142,3.1102201510110348,0.0204081632653061,0.0408163265306122,0.1224489795918367,0.0204081632653061,0.3061224489795918
r12_757_TrROS_Hall,0.5262904076508386,2.0650494699999995,2.0650494699999995,0.7278260538429097,0.5262904047400652,True,True,54,87.57104545454544,3.4257187431289218,0,11.47689437866211,3.036405701669358,0.6213306895554672,0.1316665709018707,0.3990538610868916,8969.917144141085,2435.80367051837,0.8571052031542225,166.10957674335344,127,2.351851851851852,20.33070866141732,0.3764946048410615,1.4259259259259258,0.6062992125984252,19.373563218390803,0.3587696892294593,3.2222222222222223,4517.482417023417,83.65708179672994,316.20395498543184,0.3277028867121626,0.2777777777777778,0.074074074074074,0.1851851851851851,-0.5444444444444445,0.2592592592592592,0.0185185185185185,0.6966045367866279,2.0848449318003843,5.021581806161663,4.052261456329176,0.0,0.2592592592592592,0.5370370370370371,0.2037037037037037,1,14.0,3,0.7962962962962963,58,1.0740740740740742,0.3333333333333333,0.3103448275862069,4,0.074074074074074,0.4444444444444444,-10.0,-0.1851851851851851,0,0,0.910546978015578,14.859003620246211,14.296296296296296,3.8616328806349647,0.074074074074074,0.0185185185185185,0.0555555555555555,0.0185185185185185,0.3148148148148148
r18_3_TrROS_Hall,0.4166843024636009,1.3990254200000003,1.4460366200000003,0.7927680193500451,0.41668430290977715,True,True,52,89.67756380510441,3.151717810249145,0,11.129216194152832,2.98169669870266,0.6251063937516793,0.1184486672282219,0.4012805466309725,8783.338574788995,2379.653822962925,0.8651208068126011,168.91035720748067,131,2.519230769230769,17.6793893129771,0.3399882560187903,1.2884615384615383,0.5114503816793893,17.3,0.3326923076923077,3.4615384615384617,4351.37536130517,83.68029540971482,312.33763622252377,0.3283421802509733,0.2115384615384615,0.0769230769230769,0.1538461538461538,-0.7749999999999999,0.173076923076923,0.0,0.6798331105417249,2.068308997255335,4.989930871510474,3.666223442356473,0.0,0.3461538461538461,0.5,0.1538461538461538,1,18.0,4,0.8461538461538461,57,1.0961538461538465,0.3076923076923077,0.2807017543859649,5,0.0961538461538461,0.5192307692307693,-5.0,-0.0961538461538461,0,0,0.9134061186110216,14.62660343739458,13.961538461538462,3.4191853419150684,0.0384615384615384,0.0192307692307692,0.0192307692307692,0.0384615384615384,0.2884615384615384
