feature,target,r_all,sign_all,r_natural21,sign_nat,r_partial_nres,loo_worst,loo_min,loo_max
n_res,a_p,-0.21485132544776206,10,-0.5878963388150373,10,,-0.12212143731073892,-0.32739974730510374,-0.12212143731073892
n_res,b_p,-0.13705718732351768,7,-0.2489933033602972,10,,-0.030848566621510275,-0.20821832782807306,-0.030848566621510275
n_res,abs_b_p,0.25960036447352786,9,0.3385978736735041,10,,0.17182486911179076,0.17182486911179076,0.34062230491739165
n_res,ddg_pcc,-0.2793950036691701,10,-0.5055883109941075,10,,-0.19072589756472907,-0.4698016683251535,-0.19072589756472907
bfac_mean,a_p,0.326825880914979,10,-0.4071886981558954,10,0.5968350083230598,0.21006880328930913,0.21006880328930913,0.38258484914197954
bfac_mean,b_p,0.1350658846399332,9,-0.11481980362743402,8,0.2848551447220335,0.04740925784086182,0.04740925784086182,0.2196616075944197
bfac_mean,abs_b_p,0.05657784359333402,7,0.2466955972739897,9,-0.1355663847865757,-0.017816162269037723,-0.017816162269037723,0.13253502086029792
bfac_mean,ddg_pcc,0.1091121724840595,10,-0.4809395845574217,10,0.37111652836359293,-0.13740038037627256,-0.13740038037627256,0.22855077805335985
bfac_std,a_p,0.39783609637884665,10,0.25200755844503275,10,0.46178511008652395,0.3141885764708739,0.3141885764708739,0.4793256697932587
bfac_std,b_p,0.10396490515330077,10,0.13462537807448433,9,0.13702721649774402,0.018658687189221288,0.018658687189221288,0.16030748636845704
bfac_std,abs_b_p,-0.09403911975195504,10,-0.15159139641894653,9,-0.15563795173283218,-0.02948605949142722,-0.18124428987838803,-0.02948605949142722
bfac_std,ddg_pcc,0.3380656205562631,10,0.4562853556312615,10,0.4185443453289942,0.22764268204403434,0.22764268204403434,0.41975492635115985
Rg,a_p,0.1306512097753188,10,-0.2078239943997675,10,0.36163479602732884,0.047110371267880244,0.047110371267880244,0.25118138405313195
Rg,b_p,0.15185925147147394,10,-0.04901201097985244,6,0.32248099156947696,0.0777660672165704,0.0777660672165704,0.2074722489778848
Rg,abs_b_p,0.04513011457198414,7,0.012711102731271079,6,-0.16644667036827482,-0.00801572247258688,-0.00801572247258688,0.13114453621403893
Rg,ddg_pcc,-0.04127484016096605,10,-0.1855581483496183,10,0.19031226038246157,0.012837289499170424,-0.18487070453263313,0.012837289499170424
Rg_over_N13,a_p,0.3447803269443973,10,0.24600888243925018,10,0.36049101434269437,0.298423596822308,0.298423596822308,0.43353081177803016
Rg_over_N13,b_p,0.29873976220629517,10,0.13688773752408076,10,0.31058841788141933,0.22375655016957557,0.22375655016957557,0.40079190828374617
Rg_over_N13,abs_b_p,-0.14774065213093163,9,-0.26530859419324987,10,-0.16169046412642912,-0.048688918792224145,-0.2218752844627016,-0.048688918792224145
Rg_over_N13,ddg_pcc,0.16262708526973793,10,0.19779159191028686,10,0.17902913275137955,0.09795843342840845,0.09795843342840845,0.22295452746057481
asphericity,a_p,0.3563292588857511,10,0.3279878359707504,10,0.35796738217865565,0.27974155213141266,0.27974155213141266,0.42874859151899614
asphericity,b_p,0.43482863298989366,10,0.29626157061178243,10,0.44150938187118083,0.3227791013734133,0.3227791013734133,0.5323094133908863
asphericity,abs_b_p,-0.2018633114881955,10,-0.4111547394679871,10,-0.2016429832352938,0.013575236312927997,-0.30792808136203986,0.013575236312927997
asphericity,ddg_pcc,0.3522104865542873,10,0.38070187184555354,10,0.3579825714566264,0.204688250220363,0.204688250220363,0.39479047427505043
acylindricity,a_p,0.27940768295626034,10,0.48384876373226493,10,0.1918710441839242,0.2021693125706973,0.2021693125706973,0.35010763410429213
acylindricity,b_p,0.06119446787308103,7,0.0002742929272336686,6,-0.029730470134696662,-0.008986628912453293,-0.008986628912453293,0.11606546885134757
acylindricity,abs_b_p,-0.047572566112260704,7,0.05190060039271297,6,0.14927244872884862,0.023763518589474664,-0.10990374881888723,0.023763518589474664
acylindricity,ddg_pcc,0.2795814332317418,10,0.24131606751340176,10,0.14251363020608462,0.22213583095853698,0.22213583095853698,0.3799685677821502
shape_aniso,a_p,0.27945835152242593,10,0.25121904518380866,9,0.2655748706003237,0.2292142103871523,0.2292142103871523,0.3544935134562316
shape_aniso,b_p,0.35171475368394606,10,0.15880078880687562,10,0.34835247465508135,0.25809543713991034,0.25809543713991034,0.4673714637169632
shape_aniso,abs_b_p,-0.11335023251995005,8,-0.2745600013687265,10,-0.09091512632199161,0.016470192624264503,-0.2149589787235847,0.016470192624264503
shape_aniso,ddg_pcc,0.26223016714447517,10,0.24416016116006514,10,0.24584004593946407,0.19060996324030538,0.19060996324030538,0.30042545745930677
hull_vol,a_p,-0.013390304674381435,7,-0.44528499890600576,10,0.38883380716067384,0.1053875915389744,-0.13459751476489074,0.1053875915389744
hull_vol,b_p,-0.02923827862898056,7,-0.19666253232567926,8,0.20187359287905954,0.08415805289145359,-0.11115266974231927,0.08415805289145359
hull_vol,abs_b_p,0.1573737003379081,9,0.22858013784048103,9,-0.16016600128551478,0.06454313554695994,0.06454313554695994,0.2346052718456375
hull_vol,ddg_pcc,-0.13211521136268353,10,-0.36448793728671575,10,0.25727551917106617,-0.027729389398662613,-0.34334485963017436,-0.027729389398662613
hull_area,a_p,0.07519717778234794,9,-0.3577208492252155,10,0.47268544846128957,-0.03823562749809552,-0.03823562749809552,0.19748666654754354
hull_area,b_p,0.05584748698078583,5,-0.13760828328812713,7,0.3157240019994862,-0.023122959505960276,-0.023122959505960276,0.15477344065205195
hull_area,abs_b_p,0.1341730107849115,7,0.17839536698631236,9,-0.15401712132238005,0.06640234036681819,0.06640234036681819,0.21334101202699504
hull_area,ddg_pcc,-0.08334086695212309,10,-0.3134140019253294,10,0.2827993974014346,0.003034388242480217,-0.2885837072727213,0.003034388242480217
sphericity,a_p,-0.4316575494111053,10,-0.4896926373215358,10,-0.41534529615665716,-0.3916066072268023,-0.48184995419466015,-0.3916066072268023
sphericity,b_p,-0.37954179022861273,10,-0.26056402372269594,10,-0.3730973429292418,-0.2939561492661203,-0.4489221643805702,-0.2939561492661203
sphericity,abs_b_p,0.0786041872831433,8,0.24166007519961846,10,0.043127849177917794,-0.0579858107972863,-0.0579858107972863,0.17229693402133556
sphericity,ddg_pcc,-0.2033919524105942,10,-0.286249510637124,10,-0.17249569363798017,-0.11440227593570743,-0.24000837211044526,-0.11440227593570743
vol_per_res,a_p,0.44083963155388906,10,0.32700938960963616,10,0.43365068609978313,0.38257491465281074,0.38257491465281074,0.5076118330029651
vol_per_res,b_p,0.23582515779916782,10,0.13064780608385318,9,0.2292475415657811,0.1839991930151362,0.1839991930151362,0.36066655647893964
vol_per_res,abs_b_p,-0.1919418134663085,9,-0.23569398989353094,10,-0.17412766745760114,-0.12589725446943204,-0.24676657257848614,-0.12589725446943204
vol_per_res,ddg_pcc,0.28640553458219214,10,0.30903315423169697,10,0.2726844534721044,0.21159496462733268,0.21159496462733268,0.35944950401323494
n_contacts,a_p,-0.23241940623040364,10,-0.47312996712151045,10,-0.09158207992227459,-0.13978008178034051,-0.3432395778450707,-0.13978008178034051
n_contacts,b_p,-0.0091098479594337,7,-0.05879936519368839,7,0.3378581520079149,0.07950187374707979,-0.10434689523543303,0.07950187374707979
n_contacts,abs_b_p,0.24671810535747443,9,0.2805476137876392,9,0.012404721455538783,0.1890023818912252,0.1890023818912252,0.3405376863343635
n_contacts,ddg_pcc,-0.23481060029331605,10,-0.42646311394082825,10,0.0744555896187434,-0.17912825320816478,-0.40504772960443686,-0.17912825320816478
contact_density,a_p,-0.2424726795042173,10,-0.28529176055431243,10,-0.1542735357167802,-0.15980890136768353,-0.3311148776228898,-0.15980890136768353
contact_density,b_p,0.17299472065906812,10,0.19028271091374369,10,0.3024262045690817,0.0560931439708528,0.0560931439708528,0.23023307399095297
contact_density,abs_b_p,0.1857578208536905,9,0.18522510269450843,9,0.055211186514025644,0.10901990932259857,0.10901990932259857,0.26808935836741166
contact_density,ddg_pcc,-0.09347019955986484,9,-0.28092969072966,10,0.0721904809649834,-0.04907993893287053,-0.19981549113018837,-0.04907993893287053
CO_abs,a_p,-0.030055234560865035,7,-0.30687747746360416,10,0.1540235017627733,0.0708079501181749,-0.11489103698951353,0.0708079501181749
CO_abs,b_p,0.22615253079394834,10,0.07904672177923167,6,0.4345218184074602,0.1525984402218931,0.1525984402218931,0.3713714096393158
CO_abs,abs_b_p,0.14227475224657132,9,0.10945285352683345,9,-0.0409823911648414,0.05320732282611649,0.05320732282611649,0.2910363434322392
CO_abs,ddg_pcc,-0.050735870072437975,9,-0.21334633289970237,10,0.18786346410730126,0.006827743573085648,-0.19186574979905957,0.006827743573085648
RCO,a_p,0.09937980210979833,9,-0.07445642159512052,9,0.16984600487195445,0.028642575180459606,0.028642575180459606,0.18106790549909896
RCO,b_p,0.3799541376531974,10,0.26211392372416753,10,0.4464746442660402,0.29143672267797754,0.29143672267797754,0.4894358953473278
RCO,abs_b_p,0.05755127157695254,8,-0.02941712042308121,5,-0.015019202760663975,-0.034474633223050874,-0.034474633223050874,0.27074993662853675
RCO,ddg_pcc,0.08804426376202265,10,-0.017288533932747062,4,0.18043643212971747,-0.06149428927092443,-0.06149428927092443,0.1469940603905957
LRO,a_p,0.004446007723868822,3,-0.2265900183540152,10,0.2095165043716345,-0.0908603873691139,-0.0908603873691139,0.10468241620380576
LRO,b_p,0.3220354548843145,10,0.23098867520521532,10,0.5792736351014842,0.242676595338902,0.242676595338902,0.4243816866345032
LRO,abs_b_p,0.13980713705109088,9,0.10632217948662648,9,-0.051297594463531174,0.0635953158135075,0.0635953158135075,0.30752892459725034
LRO,ddg_pcc,-0.034870134982245275,9,-0.2077657963086811,10,0.2196177986580868,0.04034199672766369,-0.20043704648096497,0.04034199672766369
frac_longrange,a_p,0.058809664796959225,8,-0.19625964096329246,10,0.26234846861102007,-0.037578528412976174,-0.037578528412976174,0.16070923340203613
frac_longrange,b_p,0.31450627639283807,10,0.21065004216320196,10,0.5372146888086564,0.25240440705259787,0.25240440705259787,0.42520110857062454
frac_longrange,abs_b_p,0.12346364086517632,9,0.08968627792619385,8,-0.057707607098341385,0.05214707577342938,0.05214707577342938,0.2963117118493077
frac_longrange,ddg_pcc,-0.01640330099641646,6,-0.19719661432850127,10,0.22090307293159114,0.058313070153288404,-0.18829479374461103,0.058313070153288404
CO_heavy_abs,a_p,-0.05662228893717475,7,-0.3369003901694703,10,0.17624468759732576,0.05675503056591939,-0.14209075244826733,0.05675503056591939
CO_heavy_abs,b_p,0.19373967908706125,10,0.08396880171538751,6,0.48351527332874056,0.14055084807113283,0.14055084807113283,0.32701655268735325
CO_heavy_abs,abs_b_p,0.12263834113326069,9,0.10100839028745792,9,-0.12743533938731597,0.03680356407640376,0.03680356407640376,0.244306295373054
CO_heavy_abs,ddg_pcc,-0.09109557947792206,9,-0.24211285427709472,10,0.2048562162317679,-0.03157869728435058,-0.23337432389478927,-0.03157869728435058
RCO_heavy,a_p,0.09470387268990571,8,-0.06333124618389938,9,0.17866716876761254,0.016629620498943683,0.016629620498943683,0.19369970507386983
RCO_heavy,b_p,0.4062766083430637,10,0.3215557698675403,10,0.4893751802615364,0.3269426374428151,0.3269426374428151,0.5089089076411621
RCO_heavy,abs_b_p,0.0009368102209550564,6,-0.08528219551672388,6,-0.09185864417071159,-0.08361039863952745,-0.08361039863952745,0.21982463330349464
RCO_heavy,ddg_pcc,0.07791162579378383,7,0.002115881945668234,7,0.18697623681211314,-0.09317036032989977,-0.09317036032989977,0.14599511741334084
heavy_contact_density,a_p,-0.5641934579205572,10,-0.6494730824167974,10,-0.556180265614244,-0.5070339342289079,-0.6538384211534604,-0.5070339342289079
heavy_contact_density,b_p,-0.2293825612955982,10,-0.22243170606836085,8,-0.1884560789749538,-0.12963107004760374,-0.3252980279818637,-0.12963107004760374
heavy_contact_density,abs_b_p,0.24787269910535187,10,0.3057861693123102,10,0.12232145632672291,0.1335673492849082,0.1335673492849082,0.31897654128612984
heavy_contact_density,ddg_pcc,-0.3200125862415856,10,-0.5095320190867489,10,-0.20088347246071572,-0.23079150216437708,-0.4163447076725551,-0.23079150216437708
SASA_total,a_p,0.045609779818577945,6,-0.43985685374361416,10,0.42598183738338,-0.07445552737471858,-0.07445552737471858,0.1699077733680219
SASA_total,b_p,0.05139997694715056,4,-0.1872840796313368,7,0.31340412144274027,-0.029267060594510064,-0.029267060594510064,0.16629165538332727
SASA_total,abs_b_p,0.17102519320711962,9,0.23655083642268032,9,-0.08773110760234784,0.09604422511331537,0.09604422511331537,0.25123711914715574
SASA_total,ddg_pcc,-0.07553688777878581,10,-0.3118502027757586,10,0.3048217570475894,0.029088990894423638,-0.28349538269209074,0.029088990894423638
SASA_per_res,a_p,0.4249470361018853,10,0.5895539197619997,10,0.47207407682570945,0.3696128827134587,0.3696128827134587,0.49878057666226716
SASA_per_res,b_p,0.2681462743585846,10,0.22750073956156847,10,0.29497577368357536,0.19956163369771313,0.19956163369771313,0.35881911025524416
SASA_per_res,abs_b_p,-0.27379627852312144,10,-0.3369466035106713,10,-0.10335707685040148,-0.1948238016140077,-0.3581834980908011,-0.1948238016140077
SASA_per_res,ddg_pcc,0.38087175683099517,10,0.5276455832437215,10,0.28400603103702926,0.31789195065313036,0.31789195065313036,0.48973332838453576
SASA_over_N23,a_p,0.49259911374200416,10,0.48748523883213285,10,0.45478722652077286,0.45331909996729075,0.45331909996729075,0.5467113862032935
SASA_over_N23,b_p,0.3325368530028252,10,0.18940267963736568,10,0.3108184461842281,0.27009868769792106,0.27009868769792106,0.4323913306381392
SASA_over_N23,abs_b_p,-0.2054677060505438,10,-0.2931732156216905,10,-0.09929597082456225,-0.13692000798613171,-0.2844177811562545,-0.13692000798613171
SASA_over_N23,ddg_pcc,0.3813297961455155,10,0.47972582285362864,10,0.29710105225590466,0.31823140204242745,0.31823140204242745,0.4396441958717488
RSA_mean,a_p,0.41211915262095156,10,0.502163633931578,10,0.4048798223417466,0.33127800881990976,0.33127800881990976,0.499764016490691
RSA_mean,b_p,0.18811827483181753,9,0.12095608774924212,7,0.13308501579470652,0.125457407667433,0.125457407667433,0.26419994812780356
RSA_mean,abs_b_p,-0.2545643044927997,10,-0.28740916797877303,10,-0.0834776856363264,-0.19915546738687928,-0.3371618726947715,-0.19915546738687928
RSA_mean,ddg_pcc,0.3687394425972685,10,0.4938631940947575,10,0.25191858227189357,0.3023504722174778,0.3023504722174778,0.45694707306971355
frac_buried_rsa20,a_p,-0.22626529324586603,10,-0.47888598987652353,10,-0.09417163477960719,-0.12351985692529852,-0.3646517408499975,-0.12351985692529852
frac_buried_rsa20,b_p,-0.20369165502803055,9,-0.23365044870498405,10,-0.1592536688484277,-0.09327997893471081,-0.29224259694371646,-0.09327997893471081
frac_buried_rsa20,abs_b_p,0.19823694396323263,10,0.3077422667076885,10,-0.01220715379911054,0.06290944475548257,0.06290944475548257,0.2778009053274224
frac_buried_rsa20,ddg_pcc,-0.29844656738328285,10,-0.5652420735855451,10,-0.13244138737146555,-0.18914741104758764,-0.531098434619147,-0.18914741104758764
frac_buried_rsa05,a_p,-0.3053141025526735,10,-0.45629644253070145,10,-0.22241406482328668,-0.24855906052526935,-0.37421264829191625,-0.24855906052526935
frac_buried_rsa05,b_p,-0.2213442544376812,10,-0.09119760197157886,8,-0.17848647609120255,-0.146320807215028,-0.31464266809500996,-0.146320807215028
frac_buried_rsa05,abs_b_p,0.1703656890772694,10,0.2483577646249163,10,-0.009100837972590531,0.09793583209379014,0.09793583209379014,0.2432632441954025
frac_buried_rsa05,ddg_pcc,-0.2117428559670341,10,-0.381031349540174,10,-0.033557211600976265,-0.11879878292649519,-0.3097981658969303,-0.11879878292649519
frac_exposed_rsa50,a_p,0.4095404263811376,10,0.3735366918277026,10,0.35860856286209575,0.3138683687323409,0.3138683687323409,0.5066180311410172
frac_exposed_rsa50,b_p,0.03361698934636131,6,-0.042971382839389824,5,-0.04794810302188497,-0.05842640589584218,-0.05842640589584218,0.121024085182681
frac_exposed_rsa50,abs_b_p,-0.3167282513806946,9,-0.28237186025637834,9,-0.22048617692536004,-0.26965570438321884,-0.3970139828135517,-0.26965570438321884
frac_exposed_rsa50,ddg_pcc,0.4481296254485634,10,0.4460707963212718,10,0.36909639861608895,0.4022288472677439,0.4022288472677439,0.5216964365766851
mean_hydropathy,a_p,0.1857248091304628,10,-0.19735562500949744,10,0.3666849576418382,0.09311755055836501,0.09311755055836501,0.2487161882680994
mean_hydropathy,b_p,0.09868250624207694,8,0.03505452195066331,6,0.20935047289218608,-0.0051529725040913976,-0.0051529725040913976,0.18545238194317268
mean_hydropathy,abs_b_p,0.07390294990902505,9,0.1575112862018121,10,-0.08239027013908501,-0.013004548426206786,-0.013004548426206786,0.1474843533743752
mean_hydropathy,ddg_pcc,-0.11654836505561608,10,-0.3171772257605415,10,0.041873306521526626,-0.05073099907164147,-0.30278152840868616,-0.05073099907164147
buried_hydrophobic_frac,a_p,-0.21136281838974877,10,-0.3041539132600992,10,-0.18004194927821676,-0.10524971893289166,-0.31757706855714474,-0.10524971893289166
buried_hydrophobic_frac,b_p,-0.09783362740352652,10,-0.1887320803439754,10,-0.07551524069626184,-0.03321030287730444,-0.1900163851963829,-0.03321030287730444
buried_hydrophobic_frac,abs_b_p,0.11686247104729394,9,0.1175746028815455,9,0.07386349878576143,0.056510501799303337,0.056510501799303337,0.18655413095623832
buried_hydrophobic_frac,ddg_pcc,-0.02996004913842614,9,-0.19448408478606413,10,0.021839433714721534,0.050026191825593314,-0.16561070075941178,0.050026191825593314
exposed_hydrophobic_frac,a_p,0.4534375621865438,10,0.39808494419620427,10,0.49184349660445675,0.3657137143160373,0.3657137143160373,0.5011187893452053
exposed_hydrophobic_frac,b_p,0.30565381923756585,10,0.3659294315800973,10,0.3296739092594718,0.24544485225015356,0.24544485225015356,0.37310089945027924
exposed_hydrophobic_frac,abs_b_p,-0.08881776612177608,8,-0.12401409306761724,8,-0.12251862699653593,-0.019034986037195934,-0.149671802189089,-0.019034986037195934
exposed_hydrophobic_frac,ddg_pcc,0.10842064486626087,10,0.10364763837512034,10,0.1449187316357315,0.03242692297848939,0.03242692297848939,0.15718453775791463
hydrophobic_moment_proxy,a_p,-0.13893589824360864,10,-0.0037722559151482987,7,-0.3014908502536324,-0.03209885203581329,-0.21532469896690226,-0.03209885203581329
hydrophobic_moment_proxy,b_p,-0.03242551165541158,4,-0.10645117186840536,9,-0.12379267686355136,0.04308541495088749,-0.15166654171104746,0.04308541495088749
hydrophobic_moment_proxy,abs_b_p,-0.0625203652866441,8,-0.08616840642713582,8,0.08821667985336754,0.061308699060805584,-0.14305928266336182,0.061308699060805584
hydrophobic_moment_proxy,ddg_pcc,0.2958833807497698,10,0.36845437469121417,10,0.18386715440847184,0.23929317935100491,0.23929317935100491,0.374877980433892
depth_mean,a_p,-0.43171006780879306,10,-0.5087488312849037,10,-0.3898781712556624,-0.24888041496645594,-0.5277347054341671,-0.24888041496645594
depth_mean,b_p,-0.06688824357455125,8,-0.15538961677093568,8,-0.01706129871529139,0.10679846588602764,-0.13328417862237504,0.10679846588602764
depth_mean,abs_b_p,0.403817174231116,10,0.39305412425802816,10,0.34838304384468294,0.3184308204001255,0.3184308204001255,0.4702257206532566
depth_mean,ddg_pcc,-0.23567072478030218,10,-0.3023393000557087,10,-0.1478095333255384,-0.08044975517920117,-0.2887509560889803,-0.08044975517920117
depth_max,a_p,0.19649339443032426,10,0.10006299778298282,10,0.23832381067960076,-0.006421991624497794,-0.006421991624497794,0.30900759261291066
depth_max,b_p,-0.0010467162312480967,6,-0.05963040241059817,9,0.0208022088839284,0.17473930866119516,-0.159187114505918,0.17473930866119516
depth_max,abs_b_p,0.2537360548466628,9,0.32768839998512056,9,0.22890801460482554,0.1309481239826801,0.1309481239826801,0.3549212769669086
depth_max,ddg_pcc,-0.02947185250496683,6,-0.053557443774376025,8,0.014040643788824792,0.1757638106405289,-0.14348630754954128,0.1757638106405289
depth_p90,a_p,-0.5234851564415889,10,-0.5274260998754488,10,-0.4948730722484336,-0.43164082437268547,-0.5949510675593549,-0.43164082437268547
depth_p90,b_p,-0.31884488427338215,10,-0.4008420231999349,10,-0.2971231112237895,-0.1960083999372602,-0.3982429736050208,-0.1960083999372602
depth_p90,abs_b_p,0.41295742585213163,10,0.41843833401504166,10,0.342336617757706,0.30828169655002335,0.30828169655002335,0.49669925508195345
depth_p90,ddg_pcc,-0.4779236217083784,10,-0.5631915690167852,10,-0.40690220349892864,-0.38808707860692804,-0.5547779632110721,-0.38808707860692804
frac_deep_6A,a_p,0.3088080904739268,10,0.31982956405929774,10,0.2891494001186344,0.3067636572987524,0.3067636572987524,0.37114376136596705
frac_deep_6A,b_p,0.1805423745264348,10,0.21781391318942878,10,0.1672972541682423,0.17681678502352954,0.17681678502352954,0.20692224645175497
frac_deep_6A,abs_b_p,-0.010196733704748932,6,-0.007198251351338376,5,0.02840225787716975,0.024175226562038486,-0.019315408968587133,0.024175226562038486
frac_deep_6A,ddg_pcc,0.12064600471724991,10,0.1340802261419035,10,0.0863120487220011,0.11471279135833265,0.11471279135833265,0.13055441973946486
frac_H,a_p,-0.21000065789870143,10,-0.031049820667075012,6,-0.38289311529811554,-0.14747785906124408,-0.27103660854234873,-0.14747785906124408
frac_H,b_p,-0.3197845608164736,10,-0.3113674924375546,10,-0.4657555864157644,-0.2376345750566458,-0.4320000356735735,-0.2376345750566458
frac_H,abs_b_p,0.009501320311231081,4,0.03732365035323385,5,0.17349229538979197,-0.18324924399819456,-0.18324924399819456,0.09048739279425097
frac_H,ddg_pcc,-0.04421688337889383,7,-0.012600862450997669,7,-0.22782504150992233,0.12270323825649536,-0.10864766220522921,0.12270323825649536
frac_E,a_p,0.06636260792402912,8,-0.11930141238856935,9,0.20731295575018494,-0.02930846238528299,-0.02930846238528299,0.16777246938531465
frac_E,b_p,0.33835197132002753,10,0.2682599051113805,10,0.48383285574680446,0.21811344695507864,0.21811344695507864,0.45678101565125157
frac_E,abs_b_p,0.04057990389371202,9,-0.0018123918808376827,4,-0.10842908951744405,-0.04017401134393289,-0.04017401134393289,0.31946244247760347
frac_E,ddg_pcc,0.07698386286497313,8,0.08195703941126056,7,0.2632757893784131,-0.13391564725931504,-0.13391564725931504,0.12598591362128833
frac_C,a_p,0.37761787129693514,10,0.2997972701562354,10,0.4721725884236462,0.3204857149468764,0.3204857149468764,0.44299527062141475
frac_C,b_p,0.1360220335403878,10,0.24679356518591597,10,0.18787637092658863,0.0829471663693748,0.0829471663693748,0.20164638519634243
frac_C,abs_b_p,-0.09771402448436275,7,-0.08675612837415485,7,-0.18976511417682138,-0.03822510250767437,-0.17126002490497555,-0.03822510250767437
frac_C,ddg_pcc,-0.0370625025580643,9,-0.12397778470630232,10,0.04750838488774467,0.03936259780314867,-0.16035775036180341,0.03936259780314867
n_helix_seg,a_p,-0.22292880642522678,10,-0.11668286328230792,10,-0.29979726826622594,-0.10137685068409226,-0.3021347159782225,-0.10137685068409226
n_helix_seg,b_p,-0.40766406926132515,10,-0.3913790454068381,10,-0.4735936351392807,-0.22922782515939547,-0.5428971694595728,-0.22922782515939547
n_helix_seg,abs_b_p,0.18606519012313133,10,0.2509740595849313,9,0.27822180199744717,-0.12899883395636286,-0.12899883395636286,0.290096733555199
n_helix_seg,ddg_pcc,-0.21223661451531856,10,-0.2560213845440845,10,-0.31210888613358506,0.06636315472026191,-0.29639179416793215,0.06636315472026191
mean_helix_len,a_p,-0.055723122626970344,9,0.002783827563368517,5,-0.16899671701862215,-0.011945234805234775,-0.1167091222649109,-0.011945234805234775
mean_helix_len,b_p,-0.07481963232866869,7,-0.18908278240121848,10,-0.15154301080246252,-0.007513305932018191,-0.20000247018082998,-0.007513305932018191
mean_helix_len,abs_b_p,-0.03833667358499209,8,-0.07596293371940568,8,0.0860249761149489,0.06589737084763352,-0.11771125933458033,0.06589737084763352
mean_helix_len,ddg_pcc,0.12306486043489431,9,0.16668695260389557,9,0.0034637043018218147,0.05360493904428012,0.05360493904428012,0.21688800365663513
n_strand_seg,a_p,0.016729962039309935,6,-0.16797430237273134,10,0.20270983948783877,-0.07338456176350225,-0.07338456176350225,0.08446647824539907
n_strand_seg,b_p,0.18873485098379048,10,0.1952595103572712,10,0.3648096612734623,0.04905602529423197,0.04905602529423197,0.3092432033432114
n_strand_seg,abs_b_p,-0.02494774408578287,4,-0.027396600144337924,6,-0.2563742520997544,0.19913054105402764,-0.11875284959209254,0.19913054105402764
n_strand_seg,ddg_pcc,0.012589871818243564,7,-0.012623910082252717,4,0.25551170227108566,-0.19558408495377186,-0.19558408495377186,0.08484096880962702
ss_order,a_p,-0.377617871296935,10,-0.2997972701562354,10,-0.472172588423646,-0.32048571494687633,-0.4429952706214147,-0.32048571494687633
ss_order,b_p,-0.13602203354038775,10,-0.24679356518591597,10,-0.18787637092658865,-0.08294716636937477,-0.20164638519634243,-0.08294716636937477
ss_order,abs_b_p,0.09771402448436275,7,0.08675612837415485,7,0.18976511417682146,0.03822510250767438,0.03822510250767438,0.1712600249049756
ss_order,ddg_pcc,0.037062502558064314,9,0.12397778470630225,10,-0.04750838488774466,-0.03936259780314871,-0.03936259780314871,0.1603577503618034
n_hbond,a_p,-0.39443225156343525,10,-0.37155538258001275,10,-0.40134469288837177,-0.2918789829467573,-0.4746366256103462,-0.2918789829467573
n_hbond,b_p,-0.455049367341484,10,-0.47437723328469605,10,-0.46431373250590635,-0.26815903848387634,-0.5510941435847665,-0.26815903848387634
n_hbond,abs_b_p,0.18886802141174722,8,0.23305532352419583,9,0.1932354536694266,-0.16921427106682232,-0.16921427106682232,0.28016570906673444
n_hbond,ddg_pcc,-0.3269157226679048,10,-0.3891093824721238,10,-0.3361508723762463,-0.0523777155751044,-0.38973507091096155,-0.0523777155751044
hbond_per_res,a_p,-0.263540320765956,10,-0.06891966295171417,9,-0.45602891100692444,-0.2013149487234326,-0.3272132287522986,-0.2013149487234326
hbond_per_res,b_p,-0.3193983696273713,10,-0.3240229575188172,10,-0.4732909740649127,-0.23268153654031418,-0.43128022803669913,-0.23268153654031418
hbond_per_res,abs_b_p,-0.004659141902484968,7,0.027394334359590843,5,0.1631095997579854,0.07679021040683856,-0.21007736420890805,0.07679021040683856
hbond_per_res,ddg_pcc,-0.11767002602590956,10,-0.09789030162185008,7,-0.32601117397311735,0.037155172451573834,-0.1843739197335485,0.037155172451573834
hbond_lr_per_res,a_p,0.0953753825460322,9,-0.08977342533032524,9,0.2467074152387181,0.024765024215159595,0.024765024215159595,0.2176180969641865
hbond_lr_per_res,b_p,0.421336365531724,10,0.357974539268879,10,0.589019801646887,0.34699756778233515,0.34699756778233515,0.514356499785191
hbond_lr_per_res,abs_b_p,0.05870888873296724,9,0.012635981108011623,6,-0.09080370369148502,-0.016096502057264477,-0.016096502057264477,0.28396975045150896
hbond_lr_per_res,ddg_pcc,0.0595845379200603,7,-0.013246955884924253,4,0.2482229446897921,-0.10954585253626462,-0.10954585253626462,0.1235027340319815
hbond_lr_frac,a_p,0.08258893674655493,9,-0.08344752896235104,9,0.24437081185580176,0.020953590471117167,0.020953590471117167,0.192751722615279
hbond_lr_frac,b_p,0.3738499217858216,10,0.34517986465893846,10,0.548535996274494,0.2939209734172388,0.2939209734172388,0.5014385413409388
hbond_lr_frac,abs_b_p,0.05984617898022524,9,0.035054169089507356,8,-0.10132106743336422,-0.02887418525604532,-0.02887418525604532,0.25841138766767663
hbond_lr_frac,ddg_pcc,0.04758271172414903,7,-0.01975479273559279,5,0.24885052345964276,-0.10345459067003256,-0.10345459067003256,0.11855414098527724
n_saltbridge,a_p,-0.24456763305346335,10,0.023527385566844118,7,-0.31147770820472304,-0.15741894052442987,-0.3340011690358171,-0.15741894052442987
n_saltbridge,b_p,0.07931038321077702,9,0.2947358542224524,10,0.050079394696090754,-0.03239876943895773,-0.03239876943895773,0.24006511680599849
n_saltbridge,abs_b_p,-0.10593605896694529,9,-0.2320409500928869,10,-0.04896970272594216,0.020007520617597634,-0.21641096441314986,0.020007520617597634
n_saltbridge,ddg_pcc,0.011549831372373453,7,0.010262202090426217,7,-0.05775024565604462,-0.14503827514970072,-0.14503827514970072,0.09614137045362593
saltbridge_per_res,a_p,-0.2438317378225449,10,0.14120818875619384,10,-0.38272344628817717,-0.1568272990662745,-0.32562796629491747,-0.1568272990662745
saltbridge_per_res,b_p,0.03162349553589397,7,0.3289150766139458,10,-0.03095682013795257,-0.07490383343036582,-0.07490383343036582,0.20680833031203524
saltbridge_per_res,abs_b_p,-0.09047389110575191,7,-0.26312526509079476,10,0.02448484138499492,0.021281389809622936,-0.21151690110313176,0.021281389809622936
saltbridge_per_res,ddg_pcc,0.033844406414721126,7,0.11040048244149517,10,-0.10002991313645274,-0.10007844130471646,-0.10007844130471646,0.15294150760606243
frac_charged,a_p,-0.016092000800839994,8,0.4885135481289907,10,-0.2278094546238692,0.07483056363070906,-0.10895940597910732,0.07483056363070906
frac_charged,b_p,0.26179337944869824,10,0.4053274547526394,10,0.23608877262541697,0.15872844873919148,0.15872844873919148,0.37604661882082274
frac_charged,abs_b_p,-0.09033644536139376,9,-0.2742890820221046,10,0.1241110288068088,0.09373094595355333,-0.17898363270698245,0.09373094595355333
frac_charged,ddg_pcc,0.2873602821395587,10,0.6079322180685869,10,0.13841531170176266,0.1695067673610633,0.1695067673610633,0.40062412308075024
net_charge,a_p,0.2600836100116043,9,0.34467661186245124,10,0.3051830299359843,0.1977242823009576,0.1977242823009576,0.36038914595618815
net_charge,b_p,-0.08997719439492277,10,0.11792085907860242,9,-0.07124973682725717,0.08315232997740338,-0.20187946265279327,0.08315232997740338
net_charge,abs_b_p,-0.17707495966570802,10,-0.08488952651552484,7,-0.2313940773374868,-0.09082097584785873,-0.27206277833533066,-0.09082097584785873
net_charge,ddg_pcc,0.19132332777441277,10,0.13667101683643978,9,0.24774186829324943,0.09141239874664642,0.09141239874664642,0.2491915623464563
net_charge_per_res,a_p,0.27619283585483184,9,0.3722282516467776,10,0.320142322548263,0.19695048895593179,0.19695048895593179,0.377289659132309
net_charge_per_res,b_p,-0.08018783528782299,10,0.12472855304737074,9,-0.06202454038245905,0.09279072896713926,-0.17694701574267283,0.09279072896713926
net_charge_per_res,abs_b_p,-0.17651369174713294,10,-0.0837077924905993,7,-0.22858193856231926,-0.0882747331242119,-0.2620927108396255,-0.0882747331242119
net_charge_per_res,ddg_pcc,0.21633617658384421,10,0.13379191187874137,9,0.27183987745359506,0.08889038382235087,0.08889038382235087,0.27178328551556846
packing_frac,a_p,-0.628410629598909,10,-0.5375519173882118,10,-0.6681730864698716,-0.5712897294996607,-0.6684688655200578,-0.5712897294996607
packing_frac,b_p,-0.3157875979314949,10,-0.23918380331723946,10,-0.3377423862683349,-0.2542608047096541,-0.37904880283387643,-0.2542608047096541
packing_frac,abs_b_p,0.2337355429801124,9,0.33761638861805104,10,0.2694883596703158,0.17368576036418393,0.17368576036418393,0.3043292938016306
packing_frac,ddg_pcc,-0.43061775763188875,10,-0.4911076563016946,10,-0.47783537067082005,-0.2773777427633108,-0.5229176616618265,-0.2773777427633108
void_vol_per_res,a_p,0.6172636774626049,10,0.5114837546937836,10,0.6485782097693213,0.5599105845047174,0.5599105845047174,0.659137071415748
void_vol_per_res,b_p,0.3134539314600917,10,0.23742961533773763,10,0.33032968070595314,0.25371294974147374,0.25371294974147374,0.37638333317732087
void_vol_per_res,abs_b_p,-0.24105178915690756,10,-0.32933802139297613,10,-0.26840176434658425,-0.1793007455134735,-0.3066635463296636,-0.1793007455134735
void_vol_per_res,ddg_pcc,0.43015268720333594,10,0.46761920944030183,10,0.4675234400549777,0.288859748847243,0.288859748847243,0.5135941400226293
ca_nb10_mean,a_p,-0.29709289643886005,10,-0.4123315027121648,10,-0.21369681355601008,-0.2404103375568269,-0.4062386837055107,-0.2404103375568269
ca_nb10_mean,b_p,-0.010168881577954935,5,0.02388864945403794,5,0.10103349761775819,0.05960138461519108,-0.14365905864841394,0.05960138461519108
ca_nb10_mean,abs_b_p,0.2441444484351288,9,0.27570211206205725,9,0.10695910690971507,0.17349465506320536,0.17349465506320536,0.312369703160114
ca_nb10_mean,ddg_pcc,-0.1383286010306286,10,-0.39373766957492906,10,0.05078139850854811,-0.08559172910245012,-0.2899552421413765,-0.08559172910245012
ca_nb10_std,a_p,0.10264514260307052,10,0.13904152207445342,10,0.2096356447671091,0.039249264133501334,0.039249264133501334,0.16468131797419616
ca_nb10_std,b_p,0.08541001893288018,9,0.293987153108514,10,0.15558188089362618,-0.03117022153033327,-0.03117022153033327,0.2292183876055729
ca_nb10_std,abs_b_p,0.0687014250134837,8,0.10888878538824635,8,-0.03925689607348272,-0.041632310767959,-0.041632310767959,0.15650470789209792
ca_nb10_std,ddg_pcc,0.1858164163154566,10,0.1954310780622513,10,0.33525575698111143,0.1244074663953935,0.1244074663953935,0.23539939008716032
frac_core_nb10_gt20,a_p,-0.090732425143413,10,-0.14269692115912402,9,0.039050439316847325,-0.04415592411605294,-0.17913416405091448,-0.04415592411605294
frac_core_nb10_gt20,b_p,0.07761663312719633,8,0.1762519216887059,10,0.1937144745917593,-0.05121556248576119,-0.05121556248576119,0.19775251702164237
frac_core_nb10_gt20,abs_b_p,0.14574653509644991,9,0.19345460897804934,9,-0.00318389488104701,0.05315016703137583,0.05315016703137583,0.22261127165951358
frac_core_nb10_gt20,ddg_pcc,0.040479938132579524,9,-0.09498973023854562,9,0.25177844044572883,-0.07089252618172566,-0.07089252618172566,0.08269017101689943
frac_gly,a_p,0.1317162600783659,9,0.1044688049236707,10,0.25147120333867623,0.07642682188610395,0.07642682188610395,0.2403251202925568
frac_gly,b_p,0.074404266971869,7,0.21608508473634477,10,0.1489520862282694,-0.04093517792469868,-0.04093517792469868,0.1647576453236872
frac_gly,abs_b_p,-0.13743384523178565,9,-0.09669971972934996,8,-0.28645016590511907,-0.02983022154572922,-0.21301038723058835,-0.02983022154572922
frac_gly,ddg_pcc,0.02162698525056359,7,0.00499246176384118,7,0.15965559073871355,-0.11741333506479117,-0.11741333506479117,0.10318391597948193
frac_pro,a_p,0.08443375489227994,10,-0.009701156501515358,6,0.12258919836069984,-0.00741643025907184,-0.00741643025907184,0.14892714336636448
frac_pro,b_p,-0.11338084553479381,10,-0.17657691858478003,9,-0.0955063490746911,-0.03507442562834812,-0.18385156530697602,-0.03507442562834812
frac_pro,abs_b_p,0.11478633401426375,10,0.15724637413805637,9,0.07991246598455345,0.04219071570829185,0.04219071570829185,0.23201125478670784
frac_pro,ddg_pcc,-0.008533114553284354,8,-0.0878351724690915,9,0.037118468552597796,0.05784132322803302,-0.06928773390793588,0.05784132322803302
frac_aromatic,a_p,-0.28855835373412353,10,-0.2933707998949514,10,-0.23414909674609877,-0.15901995596317237,-0.4277529814195199,-0.15901995596317237
frac_aromatic,b_p,-0.21277132911017907,10,-0.10342964003973917,7,-0.18104327734051306,-0.08882263600710599,-0.2908783680620911,-0.08882263600710599
frac_aromatic,abs_b_p,0.07914324728939288,8,0.11843052121885127,7,-0.011784420787929328,-0.11463652596967192,-0.11463652596967192,0.15786359334059327
frac_aromatic,ddg_pcc,-0.5213695137568157,10,-0.46164058122553636,10,-0.4720097782661801,-0.4536083129293684,-0.5939254318671476,-0.4536083129293684
frac_ILVFM,a_p,-0.010788279430485163,6,-0.4571385877218141,10,0.0883646100167448,0.07407001354901784,-0.13893351899725667,0.07407001354901784
frac_ILVFM,b_p,0.10429242009730096,10,-0.06912501915476073,8,0.18189473255435223,0.02700204698194512,0.02700204698194512,0.2237906993369009
frac_ILVFM,abs_b_p,0.15183154012806216,8,0.24139550238467816,10,0.05106670900873149,0.07619083427606411,0.07619083427606411,0.21367913404016745
frac_ILVFM,ddg_pcc,-0.17781981240776348,10,-0.36988769522587106,10,-0.07021634162527388,-0.10009780219672444,-0.3306743195684348,-0.10009780219672444
